DIGITAL_OBJECT - URL_TEXT,DIGITAL_OBJECT - URL,RECORD_URL,DESC_SR,YEAR_DISPLAY,YEAR
Laun Exam 8 Mar 1929,,https://stors.tas.gov.au/NI/463918,"W H White - City Building Surveyor - Plans and description for an Abbatoirs at Killafaddy, Launceston",1929.0,1929.0
"HTG 1 Oct 1844, 7 Oct 1845, 6 Oct 1846, 2 Oct 1847, 16 Sep 1848",,https://stors.tas.gov.au/NI/464009,"John Duxberry - Licensee - D'Eoch An Dornis - Hotel, Llewellyn, Campbell Town, 1844 - 1848",1844.0,1844.0
HTG 6/10/1827,,https://stors.tas.gov.au/NI/467080,Elizabeth Watson - Licensee - Spotted Cow Hotel - Liverpool St - Hobart - 1827,1827.0,1827.0
Tasmanian 3 Oct 1828,,https://stors.tas.gov.au/NI/467082,John Nesmiths - Licensee - Spotted Cow Hotel - Liverpool St - Hobart - 1828,1828.0,1828.0
HTG 38/10/1829,,https://stors.tas.gov.au/NI/467084,T Chapman - Licensee - Spotted Cow Hotel - Liverpool St - Hobart - 1829,1829.0,1829.0
Independent 24 Sep 1831,,https://stors.tas.gov.au/NI/467087,"Jeremiah O'Sullivan - Licensee, Spotted Cow Hotel, Liverpool St, Hobart Town 1831",1831.0,1831.0
HTG 9 Oct 1834,,https://stors.tas.gov.au/NI/467090,"Jeremiah Reibey - Licensee, Spotted Cow Hotel, Launceston 1834",1834.0,1834.0
"NS21/26/1/1 p219, 220",,https://stors.tas.gov.au/NI/468320,"Spotted Cow Hotel, Liverpool St Hobart - article",,
Laun Exam 15 Nov 1929,,https://stors.tas.gov.au/NI/463890,"Eric Lowe - Architect - his plan for the alterations at the Anzac Memorial Hostel, Paterson Street, Launceston. Renovations by J & T Gunn Pty Ltd",1929.0,1929.0
Laun Exam 11 Apr 1930,,https://stors.tas.gov.au/NI/463891,Frank Heyward - Architect - designed additions to warehouse for Patons and Baldwin. Built by Messrs Hinman Wright and Manser,1930.0,1930.0
Laun Exam 28 Mar 1930,,https://stors.tas.gov.au/NI/463892,"Frank Heyward - Photo and description of a shop front in Charles St Launceston, for H Jones and Co - builder Mr Leitch of Melbourne",1930.0,1930.0
Laun Exam 18 Oct 1929,,https://stors.tas.gov.au/NI/463900,"Drawing and description of alterations being made to the former Golden Fleece building on the corner of Brisbane and Charles St, launceston for Cox Bros",1929.0,1929.0
Laun Exam 27 Sep 1929,,https://stors.tas.gov.au/NI/463902,"Frank Heyward - Architect -  Drawing and description of shop fronts in Brisbane St, Launceston - alterations being done by  J & T Gunn Pty Ltd for Findlays Pty Ltd",1929.0,1929.0
Laun Exam 16 Aug 1929,,https://stors.tas.gov.au/NI/463905,"H S East - Architect - Plan and description for a service Station and Garage for Northern Motors in Invermay, Launceston, Builders Himman Wright and Manser",1929.0,1929.0
Laun Exam 9 Aug 1929,,https://stors.tas.gov.au/NI/463906,"Frank Heyward - Architect - Plan and description for proposed new shops York House, corner of Invermay rd and Russell St, Inveresk, Launceston, builders J & t Gunn",1929.0,1929.0
"HTC 24 Dec 1844 3D, 4 Jan 1845 3D, 2 Jul 1845 3E",,https://stors.tas.gov.au/NI/463941,"For Sale - Adam and Eve Hotel, New Town 1844 - 1845",1844.0,1844.0
"HTC 4 Feb 1832 3C, 4 Jul 1834 3E, 22 Mar 1839 3A, 31 Jan 1840 3D",,https://stors.tas.gov.au/NI/463954,"For Sale - Dallas Arms Hotel, New Town, 1832 - 1840",1832.0,1832.0
HTC 18 Feb 1832 P1 C1,,https://stors.tas.gov.au/NI/463957,"For Sale - Dallas Arms Inn Hotel, New Town, 1832",1832.0,1832.0
Mercury 16 Apr 1863,,https://stors.tas.gov.au/NI/463971,"For Sale - Albermarle Arms Hotel and 2 Cottages, Upper Goulbourn St, Hobart 1863",1863.0,1863.0
Mercury 6 Aug 1861,,https://stors.tas.gov.au/NI/463973,"For Sale - Albermarle Arms Hotel property of Leslie Stewart, Upper Goulbourn St, Hobart 1861",1861.0,1861.0
HTC 6 Feb 1848,,https://stors.tas.gov.au/NI/464006,"For Sale -  Albion Inn, and 6 Lots, Elizabeth St, Hobart,  W. Lear, 1848",1848.0,1848.0
HTC 9 Mar 1835 3F,,https://stors.tas.gov.au/NI/464050,"For Sale - Derwent Hotel and Property, property of Mrs Stocker, cnr Elizabeth and Collins Sts, Hobart",1835.0,1835.0
Mercury 6 Dec 1862 p.8 c.5,,https://stors.tas.gov.au/NI/464058,"For Sale - Derwent Hotel (formerly Jolly Ploughman), Falls, New Norfolk, 1862",1862.0,1862.0
"Mercury 29 Nov 1878, p.4, col 6",,https://stors.tas.gov.au/NI/464113,"For sale - ARK Inn - article, 1878",1878.0,1878.0
"Mercury 13 Jan 1863, p.4, col 7",,https://stors.tas.gov.au/NI/464160,"For sale  - Bath Arms - Hotel, Murray Street, Hobart - 1863",1863.0,1863.0
"Mercury 26 Nov 1860 p.4, col 3",,https://stors.tas.gov.au/NI/464186,"To Let or For Sale - Beach Tavern Tea Garden - Hotel, property of F Lipscombe, Sandy Bay, 1860",1860.0,1860.0
"Mercury 19 Jul 1861 p.4, col 5",,https://stors.tas.gov.au/NI/464187,"For sale - Insolvent - Beach Tavern Hotel, property of F Lipscombe, Sandy Bay, Hobart, 1861",1861.0,1861.0
"Mercury 22 Oct 1862 p.1, col 5",,https://stors.tas.gov.au/NI/464206,"Lease and furniture for sale - Bellerive Hotel, property of Mrs Kirkby, Kangaroo Point 1862",1862.0,1862.0
HTC 17 Feb 1837 3D,,https://stors.tas.gov.au/NI/464234,"For sale - Berriedale Inn - Hotel, Glenorchy, Hobart, 1837",1837.0,1837.0
HTC 1 June 1838 3D,,https://stors.tas.gov.au/NI/464236,"For sale - Berriedale Arms Inn - Hotel, R. Williamson - owner, Glenorchy, Hobart, 1838",1838.0,1838.0
HTC 21 Feb 1846 3E,,https://stors.tas.gov.au/NI/464240,"For sale - Berriedale Inn - Hotel, S. Williamson - owner, Glenorchy, Hobart, 1846",1846.0,1846.0
HTC 4 Sep 1830 1A,,https://stors.tas.gov.au/NI/464282,"For sale - Bird-In-Hand Hotel, Argyle St, Hobart, 1830",1830.0,1830.0
HTG 8 Jun 1838 EG,,https://stors.tas.gov.au/NI/464284,"For Sale - Dog and Partridge Inn - Hotel - Barrack St, Hobart - 1838",1838.0,1838.0
HTC 7 Jan 1832 3c,,https://stors.tas.gov.au/NI/464312,"For Sale - Dolphin Inn - Hotel - Campbell St, Hobart, 1832",1832.0,1832.0
HTC 26 May 1837 3c,,https://stors.tas.gov.au/NI/464314,"For Sale - Dorchester Butt - Hotel - Campbell St, Hobart, adj. new theatre, 1837",1837.0,1837.0
HTC 24 Jun 1848 3E,,https://stors.tas.gov.au/NI/464383,"For Sale - Duke of Clarence Inn - Hotel - Cnr. Liverpool & Murray St, 1848",1848.0,1848.0
Mercury 18 Nov 1861 p4 c5,,https://stors.tas.gov.au/NI/464400,"For Sale - Duke of Clarence - Hotel- and associated shops & dwellings in Liverpool & Murray Sts - article, 1861",1861.0,1861.0
Mercury 23 Nov 1861 p4 c5,,https://stors.tas.gov.au/NI/464401,For Sale - Duke of Clarence - Hotel - and adjoining buildings for sale - article - 1861,1861.0,1861.0
Mercury 8 Nov 1860 p4 c3,,https://stors.tas.gov.au/NI/464406,"For Sale - Duke of Leinster Hotel  - Cnr Harrington & Brisbane Sts Hobart, owner J C Blackett 1860",1860.0,1860.0
"Mercury 25 Oct 1862, p4c3",,https://stors.tas.gov.au/NI/464493,"For sale - licence and fixtures - Black Prince Hotel, Elizabeth St, Hobart, 1862",1862.0,1862.0
"HTC 3 Aug 1850 3E, 14 Aug 1850 1C",,https://stors.tas.gov.au/NI/464546,"For Sale - Black Snake Hotel, John Hedger, Bridgewater, 1850",1850.0,1850.0
"HTC 14 Feb 1840, p1 c5",,https://stors.tas.gov.au/NI/464615,"To Let or For Sale - Blue Anchor - Hotel, Neil Basstion, The Falls, New Norfolk, 1840",1840.0,1840.0
Mercury 9 Apr 1862 p1 c4,,https://stors.tas.gov.au/NI/464624,"For Sale - Emerald Inn, property of Jms. Goodwin - Hotel -  Molle St, Hobart - article - 1862",1862.0,1862.0
Mercury 12 Sep 1861,,https://stors.tas.gov.au/NI/464663,"For lease - Blue Bells of Scotland Hotel + cottages +  butcher's shop, Murray St. Hobart, 1861",1861.0,1861.0
HTC 20 Jul 1848,,https://stors.tas.gov.au/NI/464670,"For sale - Blue Bells Tavern, Murray St, Hobart includes 4 new stone cottages 1848",1848.0,1848.0
Mercury 25 Oct 1862,,https://stors.tas.gov.au/NI/464692,"For sale - Bricklayer's Arms - Hotel - Elizabeth Street, License & furniture effects - 1862",1862.0,1862.0
HTC 13 Jan 1837,,https://stors.tas.gov.au/NI/464735,"For Sale - Owners Denholm & Woyes, Falls Of Clyde Inn, Bothwell & 2 storey house, 12 rooms 1837",1837.0,1837.0
Mercury 25 Aug 1860 p1 c1,,https://stors.tas.gov.au/NI/464784,For Sale - The Forest Hotel & surrounds in Parish of Epping - Property of David Gibson 1860,1860.0,1860.0
"HTG 4 Nov 1836 3f, 31 Jan 1840 3b",,https://stors.tas.gov.au/NI/464801,"For sale - Fortune of War Hotel - with several cottages, Macquarie St, Hobart, 1836, 1840",1836.0,1836.0
"HTG 17/09/1841, 2/02/1841 3 c",,https://stors.tas.gov.au/NI/464823,For Sale - William Lewis - Owner - Fox Hunters Return Hotel - Campbell Town 1841,1841.0,1841.0
HTC 6/10/1840 3E,,https://stors.tas.gov.au/NI/464828,For Sale - George Wise - Fox Inn - Hotel formerly Happy Abodes - Glenorchy 1840,1840.0,1840.0
"HTG 18/7/1834 3D, 8/8/1834 1A",,https://stors.tas.gov.au/NI/464858,"For Sale - Freemasons Tavern - Hotel - Cnr Davey & Harrington Sts - Hobart, offering Accom,1834",1834.0,1834.0
HTG 11/3/1836 3B,,https://stors.tas.gov.au/NI/464859,"For Sale - Freemasons Tavern Hotel - Harrington St - Hobart, 1836",1836.0,1836.0
Mercury 1/04/1862,,https://stors.tas.gov.au/NI/464889,"For Sale - Garrick's Head Hotel  & shop - owner Elizabeth Bell - Liverpool St - Hobart, 1862",1862.0,1862.0
Mercury 22/10/1862,,https://stors.tas.gov.au/NI/464890,"For Sale - Garrick's Head Hotel - Liverpool St - Hobart, 1862",1862.0,1862.0
Mercury 21/1/1860 p 1 c 6,,https://stors.tas.gov.au/NI/464900,"For Sale - Stock in Trade - General Washington Hotel Premises - Cnr Murray & Collins Sts - Hobart, 1860",1860.0,1860.0
HTC 26/4/1844 3 E,,https://stors.tas.gov.au/NI/464915,"For Sale - George Inn - Hotel - Premises & ship chandlery store, 1844",1844.0,1844.0
HTC 4 March 1846 3D,,https://stors.tas.gov.au/NI/464935,For Sale - Bowling Green Hotel  with Bowling Green - recently erected several cottages - W. Turner,1846.0,1846.0
HTC 16 Oct 1847 3D,,https://stors.tas.gov.au/NI/464940,For Sale - Bowling Green Hotel - Fitzroy Place -  built as private residence by W. Turner recently - Bowling green etc. - 1847,1847.0,1847.0
HTC 11 May 1848,,https://stors.tas.gov.au/NI/464942,For Sale - Bowling Green Hotel  1848,1848.0,1848.0
HTC 20 Apr 1850,,https://stors.tas.gov.au/NI/464943,"For Sale - Bowling Green Hotel - dwelling house called Bowling Green Cottage,  fronting Fitzroy Place - 1 1/4 acres - W.M. Turner - 1850",1850.0,1850.0
"HTC 11 Dec 1852 p1 c3, HTC 11 Jan 1853 p3 c4",,https://stors.tas.gov.au/NI/464945,"For Sale - Bowling Green Hotel - description of hotel, bowling green, garden, quoit and skittle ground - sold to Mr Kilburn of Victoria 1852 -1853",1852.0,1852.0
Mercury 2 May 1860 p1 c8,,https://stors.tas.gov.au/NI/465021,"For Sale - Golden Cross - Hotel, Murray St, Hobart + 3 contiguous cottages fronting Melville St, 1860",1860.0,1860.0
HTC 22 Nov 1859 3F,,https://stors.tas.gov.au/NI/465025,For Sale - Bridgewater Hotel part of Green Point Estate 1859,1859.0,1859.0
Mercury 21 Feb 1861 p4 c2,,https://stors.tas.gov.au/NI/465083,"For Sale - Golden Fleece - Hotel, and 3 cottages, Kangaroo Point, Hobart, 1861",1861.0,1861.0
Mercury1/5/1860 p1c7,,https://stors.tas.gov.au/NI/465120,"For Sale - Thomas Priest - For Sale - Good Woman Licensed House - Hotel - Stock In Trade & furniture - Property of William Guest - Argyle St, Hobart 1839 - 1856",1860.0,1860.0
HTC 21/7/1843 3F,,https://stors.tas.gov.au/NI/465135,"For Sale - Good Woman Inn - Hotel - Green Ponds, 1843",1843.0,1843.0
HTC 2/8/1844 3E,,https://stors.tas.gov.au/NI/465136,"For Sale - Wm Cutts - Good Woman Inn  & 50 Acres - Hotel - Green Ponds, 1844",1844.0,1844.0
HTC 15/12/1847 1C,,https://stors.tas.gov.au/NI/465169,"For Sale - Gordon Highlander Inn - Hotel, Sorell 1847",1847.0,1847.0
Mercury 11/1/1860 p4 c1,,https://stors.tas.gov.au/NI/465186,"For Sale - Gordon Highlander Inn - Hotel - Sorell, 1860",1860.0,1860.0
Mercury 30/3/1860 p1 c 5,,https://stors.tas.gov.au/NI/465188,"For Sale - Gordon Highlander - Hotel - Sorell, 1860",1860.0,1860.0
HTG 15/7/1842,,https://stors.tas.gov.au/NI/465207,"For Sale - Grapes Tavern & Premises adjacent - Hotel - Cnr Elizabeth & Liverpool Sts, Hobart, 1842",1842.0,1842.0
HTC 27/8/1841 3D,,https://stors.tas.gov.au/NI/465210,"For Sale - Grasshopper Inn - Hotel 8 Acres & 7 cottages including Albion cottages, Hobart 1841",1841.0,1841.0
HTC 2/8/1844 3E,,https://stors.tas.gov.au/NI/465306,"For Sale - Greyhound Inn - Elizabeth St - Hobart, 1844",1844.0,1844.0
Mercury 7/2/1890,,https://stors.tas.gov.au/NI/465334,For Sale - Hadleys Hotel - 1890,1890.0,1890.0
HTC 31/3/1852 p4c5,,https://stors.tas.gov.au/NI/465376,"Tenders Invited  - for rebuilding & completing - James Hamilton - Owner - CEN 1/34 Parish 1 Return No 2 - Anthill Ponds, 1852",1852.0,1852.0
Mercury 24/1/1861 p3c7,,https://stors.tas.gov.au/NI/465384,For Sale - Half-way House - and 14 acres - Property of Henry Vallentine - Hotel - Midlands - 1861,1861.0,1861.0
Mercury 21 Jun 1860,,https://stors.tas.gov.au/NI/465410,For Sale - Old Hamilton Inn 1860,1860.0,1860.0
Colonial Times 19/7/1853,,https://stors.tas.gov.au/NI/465422,For Sale - Bush Hotel - Inn - New Norfolk - 1853,1853.0,1853.0
Mercury 17 Jan 1860 p 1 c 6,,https://stors.tas.gov.au/NI/465508,"Edward Jones - Licensee Herne Bay Hotel - Three Hut Point - Accomodation for pleasure trippers on the """"Monarch"""" and """"Culloden"""" 1960",1860.0,1860.0
Mercury 10 Apr 1861 p 1 c 2,,https://stors.tas.gov.au/NI/465510,For sale or To Let - Herne Bay Hotel - Three Hut Point 1861,1861.0,1861.0
"Mercury, 10/12/1861 p 4, col 5",,https://stors.tas.gov.au/NI/465524,For Sale - Licensee - Bushman's Home - Hamilton District - part of Shawfield Estate 1861,1861.0,1861.0
HTG 5/9/1834 1D,,https://stors.tas.gov.au/NI/465559,For Sale - Calcutta Hotel - Corner Argyle and Brisbane Sts - by order of mortgagee - 1834,1834.0,1834.0
HTG 22/5/1835 1D,,https://stors.tas.gov.au/NI/465564,"For Sale - Calcutta Hotel - Cnr Argyle & Brisbane Sts - together with allotment adjoining hotel fronting Brisbane St, with several small tenements - 1835",1835.0,1835.0
HTG 26/2/2836 3B,,https://stors.tas.gov.au/NI/465568,For Sale - Calcutta Hotel - Cnr Argyle & Campbell Sts - 1836,1836.0,1836.0
HTG 26/5/1837,,https://stors.tas.gov.au/NI/465652,For Sale - Canterbury Inn (late Somerset Arms) - Elizabeth St + 10 acres in Providence Valley - 1837,1837.0,1837.0
HTC 4 Oct 1839 1A,,https://stors.tas.gov.au/NI/465686,"For Sale - Cape of Good Hope - Hotel, Black Marsh, Oatlands (or Bothwell), Elizabeth Field, 1839",1839.0,1839.0
Mercury 17 Jun 1862 p4 c7,,https://stors.tas.gov.au/NI/465766,For Sale - Horse Shoe Inn - Hotel - Cambridge - article - 1862,1862.0,1862.0
Mercury 28 Aug 1860 p4 c6,,https://stors.tas.gov.au/NI/465871,"For Sale - Clarendon Hotel, Sandy Bay, 1860",1860.0,1860.0
Mercury 18 Dec 1861 p4 c6,,https://stors.tas.gov.au/NI/465873,"For Sale - Clarendon Hotel, Sandy Bay, 1860",1861.0,1861.0
HTG 29 Jul 1842 3E,,https://stors.tas.gov.au/NI/465962,For Sale -  Mortagees -  Jolly Sailor -Hotel -  and cottage adjoining - Campbell St. 1842,1842.0,1842.0
"HTC 14/8/1835 3B, 28/2/1840 3D",,https://stors.tas.gov.au/NI/465968,For Sale - Commercial Hotel - several warehouses & cottages - Old Wharf - 1835 & 1840,1835.0,1835.0
Mercury 22 Jan 1861 p.4 c.1,,https://stors.tas.gov.au/NI/466042,For Sale -  Kangaroo Inn - New Town + 14 acres property of H.F. Luckman 1861,1861.0,1861.0
Mercury 12 Mar 1861 p.1 c.2,,https://stors.tas.gov.au/NI/466043,For Sale - Kangaroo Inn + New Town Coal Mines - property of W. & R Luckman 1861,1861.0,1861.0
HTG 14/5/1831 1B,,https://stors.tas.gov.au/NI/466044,For Sale - Cornwall Hotel - John Brumby - Norfolk Plains - 1831,1831.0,1831.0
HTG 4/6/1841 3D,,https://stors.tas.gov.au/NI/466052,To Let - for 4 years - Cornwall Hotel - Launceston - 1841,1841.0,1841.0
HTG 23/9/1842 3D,,https://stors.tas.gov.au/NI/466053,For Sale - Cornwall Hotel - Launceston - 1842,1842.0,1842.0
HTC 1/3/1848 3B,,https://stors.tas.gov.au/NI/466058,For Sale - J B Whitehead - Licensee - Cornwall Hotel - Launceston - Assembly rooms recently erected - 1848,1848.0,1848.0
HTC 15/12/1837 1D,,https://stors.tas.gov.au/NI/466064,For sale - unexpired lease - Mrs Cox - Licensee - Cornwall Hotel - Launceston - 1837,1837.0,1837.0
Mercury 11/7/1860,,https://stors.tas.gov.au/NI/466109,"For Sale - Criterion Hotel - (late Ottoways) Licence, lease & stock - Property of Charles Toby",1860.0,1860.0
Mercury 1 Oct 1860 p3 c4,,https://stors.tas.gov.au/NI/466127,"For Sale - Kensington Inn - Hotel - Property of Thomas Franklin Rigby (insolvent) - O'Brien's Bridge, Hobart, 1860",1860.0,1860.0
Mercury 30 Sep 1862 p4 c4,,https://stors.tas.gov.au/NI/466264,"For Sale - Kingston Hotel + 2 storey house - Kingston, 1862",1862.0,1862.0
Mercury 10/3/1860 p1c6,,https://stors.tas.gov.au/NI/466471,"For Sale - Furniture & Farm Effects - Property Mr Bellett - Licensee - London Inn - Hotel - Spring Hill,",1860.0,1860.0
HTC 25/3/1848,,https://stors.tas.gov.au/NI/466488,For Sale - London Wine Vaults - Liverpool St Hobart 1848,1848.0,1848.0
Mercury 24/4/1860  p1C6,,https://stors.tas.gov.au/NI/466498,For Sale - Stock In Trade & Household furniture - London Wine Vaults - Liverpool St -  Property of Thomas Innes - 1860,1860.0,1860.0
HTC 10/3/1847 3C,,https://stors.tas.gov.au/NI/466540,"For Sale -  Lord Hobart - Hotel - Barrack St, Hobart 1847",1847.0,1847.0
HTC 17/11/1837,,https://stors.tas.gov.au/NI/466654,For Sale - Estate of  William Thomas Birch - Macquarie Hotel - Houses - Offices - Lovely Banks Estate & Farms -,1837.0,1837.0
HTC 9/11/1838 3B,,https://stors.tas.gov.au/NI/466662,For Sale - Thomas Birch Estate - Macquarie Hotel - Several Residences,1838.0,1838.0
"Mercury 4 July 1861, p.4, col.4",,https://stors.tas.gov.au/NI/466663,For Sale - Lease + stock + 2 adjoining cottages - Property of Insolvent Roger Davis - St Patrick Inn - Hotel - Cnr Barack & Goulburn Sts 1861,1861.0,1861.0
HTC 1/10/1841 3E,,https://stors.tas.gov.au/NI/466664,For Sale - Unexpired Lease  - H S Benjamin - Macquarie Hotel - 1841,1841.0,1841.0
HTC 22/7/1846 3E,,https://stors.tas.gov.au/NI/466665,For Sale - Unexpired Lease  -  Macquarie Hotel - Hobart 1846,1846.0,1846.0
"HTC 25 Jan 1859, 3E",,https://stors.tas.gov.au/NI/466668,For Sale - Saint Patrick Inn - Hotel - Cnr Barrack & Goulbourne Sts 1859,1859.0,1859.0
HTC 26/6/1847 3E,,https://stors.tas.gov.au/NI/466735,For Sale - F Atkinson - Sawyer's Arms - recently erected - Richmond - 1847,1847.0,1847.0
Mercury 3/1/1860 p 4 col 5,,https://stors.tas.gov.au/NI/466741,Sawyer's Arms - Murray St - Agent for Kangaroo Bottom Coat - 1860  - article,1860.0,1860.0
Mercury 9/7/1860,,https://stors.tas.gov.au/NI/466744,For Sale - lease & furniture - Sawyer's Arms - Murray St - 1860,1860.0,1860.0
Mercury 5/7/1854,,https://stors.tas.gov.au/NI/466756,For Sale - Sawyers  Arms - Franklin - 1854,1854.0,1854.0
Mercury 23/2/1861,,https://stors.tas.gov.au/NI/466793,For Sale - Seven Stars - Old Market Place - 1861,1861.0,1861.0
HTC 6/6/1846 3E,,https://stors.tas.gov.au/NI/466798,For Sale - Shades Tavern - Old Wharf & stone stores - 1846,1846.0,1846.0
HTC 24/11/1843 3E,,https://stors.tas.gov.au/NI/466802,For Sale - Shak(e)spear(e) Tavern - Bathurst St - 1843,1843.0,1843.0
Mercury 22/9/1860 p 4 col 1,,https://stors.tas.gov.au/NI/466824,For Sale - Shelstone Hotel - Grass Tree Hill - 1860,1860.0,1860.0
"HTC 28/6/1828 p 2, col 2",,https://stors.tas.gov.au/NI/466873,For Sale or Let - Ship Inn - Andrew Birell -Proprietor  -  Cnr George & Cimitere Sts - Launceston - 1828,1828.0,1828.0
"HTC 4/9/1850 p 1, col 1",,https://stors.tas.gov.au/NI/466881,For Sale - Ship Inn - Cnr Elizabeth & Collins St - 1850,1850.0,1850.0
"Mercury 8/12/1860 p 4, col 3",,https://stors.tas.gov.au/NI/466908,For Sale - Shipwright's Arms & adjoining cottage & buildings - article - 1860,1860.0,1860.0
Mercury 18 Jan 1860 p1c3,,https://stors.tas.gov.au/NI/466955,"For Sale - Marquis of Hastings - Hotel,  Upper Brisbane St, Hobart, Licensee John Thomas, 1860",1860.0,1860.0
HTC 15 Jan 1841 3E,,https://stors.tas.gov.au/NI/466980,"For Sale - Mawle's Hotel, Bagdad and school house, 1841",1841.0,1841.0
HTC 5 Jan 1844 3F,,https://stors.tas.gov.au/NI/466982,"For Sale - Mawle's Hotel, Bagdad, 1844",1844.0,1844.0
Mercury 23/11/1860 p 1 col 1,,https://stors.tas.gov.au/NI/467089,For Sale - Morning Star - Margate - 1860,1860.0,1860.0
HTC 26/12/1835 1A,,https://stors.tas.gov.au/NI/467106,For Sale - C O Parsons - Mulberry Tree Inn - Harrington St - 1835,1835.0,1835.0
Mercury 5/2/1860 p 1 col 7,,https://stors.tas.gov.au/NI/467137,For Sale - George Rosendell -  Licensee - Native Youth Hotel - Cnr New Town & Restdown Rds - Adjoining cottage,1860.0,1860.0
Mercury 24/12/1861 p 4 col 7,,https://stors.tas.gov.au/NI/467138,For Sale - Native Youth Inn & premises - New Town - 1861,1861.0,1861.0
"HTC 19 Nov 1831 1A, 14 Aug 1835 p3 E",,https://stors.tas.gov.au/NI/467158,"For Sale - Star and Garter Inn Hotel,  with dwelling house, blacksmith's shop & slaughter house adjoining, New Norfolk 1831 - 1835",1831.0,1831.0
HTC 2 May 1859 p3 c5,,https://stors.tas.gov.au/NI/467161,"For Sale - Star and Garter Hotel, full description of house & land , Thomas Burgess, insolvent, Richmond 1859",1859.0,1859.0
Mercury 19/1/1860 p 1 col 5,,https://stors.tas.gov.au/NI/467228,For Sale - J Miller -  Licensee - Northumberland Inn - Macquarie St - 1860,1860.0,1860.0
HTC 9/3/1841 p 1 col 1,,https://stors.tas.gov.au/NI/467233,For Sale - No Where Else - Avoca - 1841,1841.0,1841.0
Mercury 2 Oct 1862 p7 c6,,https://stors.tas.gov.au/NI/467249,"For Sale - Steam Navigation Hotel, Elizabeth St, lease and furniture for sale, property of late T.R.Wilson 1862",1862.0,1862.0
HTC 5/5/1847 1E,,https://stors.tas.gov.au/NI/467250,For Sale - Thomas Richardson - Licensee - Ocean Child - & adjoining houses - Argyle St 1847,1847.0,1847.0
HTC 5/2/1848 3C,,https://stors.tas.gov.au/NI/467252,For Sale - Thomas Richardson -  Licensee - Ocean Child Argyle & Melville Sts,1848.0,1848.0
Mercury 15 Feb 1862 p4 c5,,https://stors.tas.gov.au/NI/467268,"For Sale - Steam Packet Tavern Hotel, Old Wharf 1862",1862.0,1862.0
Mercury 2/7/1860 p 4 col 4,,https://stors.tas.gov.au/NI/467287,"For Sale - Oddfellows Hotel, Saddler's shop & Butcher's shop - Elizabeth St - 1860",1860.0,1860.0
HTC 12/6/1840,,https://stors.tas.gov.au/NI/467296,For Sale - Old Bell Inn - Elizabeth St - 1840,1840.0,1840.0
HTC 16/2/1848,,https://stors.tas.gov.au/NI/467297,For Sale - Old Bell Inn - Elizabeth St - Unexpired Lease & Sale - 1848,1848.0,1848.0
HTC 29/3/1839 1A,,https://stors.tas.gov.au/NI/467328,To Let or For Sale - H S Bnejamin - Old Hamilton Inn -Hotel - Hamilton -1839,1839.0,1839.0
Colonial Times 15 Oct 1833 p4c1,,https://stors.tas.gov.au/NI/467394,For Sale - Packett Inn - Hotel - Richmond - 1833,1833.0,1833.0
HTC 3/10/1846 3D,,https://stors.tas.gov.au/NI/467403,"For Sale - Pack Horse Public House - Hotel - Melville St, Property of William Hartley - Newly built malt house & kiln",1846.0,1846.0
HTC 1/5/1847 1D,,https://stors.tas.gov.au/NI/467405,For Sale - Pack Horse Inn - Hotel - Newly built malt house & kiln - 2 cottages adjoiningMelville St,1847.0,1847.0
Colonial Times 19/7/1853 p3c6,,https://stors.tas.gov.au/NI/467406,"For Sale - Pack Horse Tavern - Hotel - Melville St,  near Barrack - 1853",1853.0,1853.0
Mercury 15/7/1862 p7c6,,https://stors.tas.gov.au/NI/467409,For Sale - Pack Horse - Hotel - Property of F W Thomson - Melville St 1862,1862.0,1862.0
Mercury 11/1/1860 p 1 c 5,,https://stors.tas.gov.au/NI/467420,For Sale - Joseph Chattaway - Suburban Family Retreat - Hotel - Argyle St - Hobart - Household furniture - 1860,1860.0,1860.0
HTC 5/11/1844 1f,,https://stors.tas.gov.au/NI/467441,For Sale - Formerly Licensed - The Paul Pry - Hotel & 3 allotments - Old Wharf 1844,1844.0,1844.0
Mercury 30/3/1860 p1c5,,https://stors.tas.gov.au/NI/467476,"For Sale -  Pembroke Inn - Hotel - Sorell, 1860",1860.0,1860.0
HTC 14/11/1849 3c,,https://stors.tas.gov.au/NI/467495,For Sale - Phoenix Hotel - Cnr Macquarie & Hunter Sts Hobart 1849,1849.0,1849.0
Mercury 29/10/160 p 4 c 3,,https://stors.tas.gov.au/NI/467526,"For Sale - Talbot Inn -  Hotel - New Town , owner Mr Trowbridge 1860",1860.0,1860.0
HTC 18/2/1845 1E,,https://stors.tas.gov.au/NI/467664,For Sale - John Lamb - Licensee - Prince Albert - Collins St - & 7 lots - 1845,1845.0,1845.0
Mercury 23/7/1860 p 3 col 6,,https://stors.tas.gov.au/NI/467692,For Sale - Prince of Wales - & 160 acres - Property of James Priest - Broadmarsh - 1860,1860.0,1860.0
HTC 23/6/1837 3D,,https://stors.tas.gov.au/NI/467738,For Sale - Help Me Through the World - Hotel & adjacent cottage - Opposite Colonial Times office - Collins St  1837 o,1837.0,1837.0
Mercury 11/9/1861p4c7,,https://stors.tas.gov.au/NI/467757,For Sale - Queenborough Arms - Hotel - cnr Sandy Bay Rd & Queens Rd - 1861,1861.0,1861.0
Mercury 21 May 1862 p4 c7,,https://stors.tas.gov.au/NI/467813,"For Sale - Tasmanian Lass - Hotel - Hamilton, 1862",1862.0,1862.0
Tas Mail 22 Dec 1877 p21 c2,,https://stors.tas.gov.au/NI/467836,"For Auction - Telegraph Hotel, Georges Bay, 1877",1877.0,1877.0
HTC 24/1/1849 3E,,https://stors.tas.gov.au/NI/467861,For Sale - Mortagee Sale - Rainbow Inn - New Town Road - 1849,1849.0,1849.0
HTC 13/2/1850 3E,,https://stors.tas.gov.au/NI/467918,"For Sale - Retreat Inn - & 3 acres - Hotel - Browne's River, Hobart 1850",1850.0,1850.0
Mercury 1/2/1860 p1C4,,https://stors.tas.gov.au/NI/467920,"For Sale - The Retreat - property of Joseph Fisher - Incl Lease, licence and equip -  Hotel - Browne's River, Hobart 1860",1860.0,1860.0
HTC 21/12/1832 3E,,https://stors.tas.gov.au/NI/467926,For Sale - Richmond Hill Wine & Spirit Vaults - Hotel - New Norfolk 1832,1832.0,1832.0
HTC 28/4/1837,,https://stors.tas.gov.au/NI/467985,For Sale - Rising Sun Inn - Hotel -  Bathurst St Hobart 1837,1837.0,1837.0
HTC 16/2/1838 3C,,https://stors.tas.gov.au/NI/467993,For Sale - Rising Sun - & London Wine Vaults - 16 allotmonts - Hotel -- property of B Hyrons - fronting Liverpool & Bathurst St Hobart 1838,1838.0,1838.0
HTG 2/8/1859 1E,,https://stors.tas.gov.au/NI/468299,"For Sale - Waggon and Horses Hotel - New Town Rd - tenements, brick cottage -",1859.0,1859.0
HTG 24 July 1835,,https://stors.tas.gov.au/NI/468308,"J & J Austin - Let for 3,5,7,or14 years - with or with 400 acres -  Roseneath Inn - Roseneath - 1835",1835.0,1835.0
Mercury 13/6/1860 p 1 col 5,,https://stors.tas.gov.au/NI/468311,For Sale - Waggon and Horses Hotel - Argyle St - Property of DE Davis - 1860,1860.0,1860.0
"HTC 26 Jun, 1840 1a, 19 Jan 1841 1c",,https://stors.tas.gov.au/NI/468326,"For Sale - Ross Hotel, Ross Bridge, 1840, 1841",1840.0,1840.0
"HTC 22 Sep 1849, 3E, HTC 15 Oct 1849, 3B",,https://stors.tas.gov.au/NI/468395,"For Sale - Royal Hotel - Bagdad, 1849",1849.0,1849.0
HTC 28 Jul 1849 3A,,https://stors.tas.gov.au/NI/468501,"For Sale - Royal Oak Public House - Hotel - Macquarie St, Hobart 1849",1849.0,1849.0
Mercury 14 Dec 1860 p4 c5,,https://stors.tas.gov.au/NI/468550,"For Sale - Wheatsheaf - Hotel, Macquarie St, Hobart, 1860",1860.0,1860.0
Mercury 9 Feb 1861 p4 c1,,https://stors.tas.gov.au/NI/468552,"For Sale - Wheatsheaf - Hotel, to G Rawlings, Macquarie St, Hobart, 1861",1861.0,1861.0
Mercury 18 Dec 1861,,https://stors.tas.gov.au/NI/468576,"For Sale - Royal Standard - Hotel - Property of Insolvent T. Workman - Cnr Elizabeth & Patrick Sts, Hobart - article - 1861",1861.0,1861.0
HTG 10 May 1853 p383,,https://stors.tas.gov.au/NI/468588,"For Sale - Wheatsheaf - Hotel, New Norfolk, on death of owner Benjamin Wookey, 1853",1853.0,1853.0
"Mercury 21 March 1860, p.1, col.5, Mercury 20 Oct 1860, p.1, col.4",,https://stors.tas.gov.au/NI/468605,For Sale -  White Conduit House and contents -  Cnr Brisbane & Murray Sts - Property of Henry Seton 1860,1860.0,1860.0
"Hobart Town Courier 25 April 1829, & Dec 1832",,https://stors.tas.gov.au/NI/468619,"For Sale or to Let - White Hart Inn - Hotel - Sorell Springs, 1829, 1832",1829.0,1829.0
HTC 14 Nov 1849 col.3,,https://stors.tas.gov.au/NI/468627,For Sale - White Hart Inn - Hotel - adj. premises Cnr. Elizabeth & Bathurst Sts 1849,1849.0,1849.0
"HTA 6 Mar 1838 p.2, col.3,  HTC 18 May 1838 3F",,https://stors.tas.gov.au/NI/468630,"For Sale - White Hart Inn - Hotel  and 415 Acres,  Antill Ponds 1838",1838.0,1838.0
MM62/??  File15377,,https://stors.tas.gov.au/NI/468913,Mr Bailey - Assistant Superintendent Norfolk Island - application for increased accommodation - May 1851,1851.0,1851.0
HTC 6 July 1835 3 F,,https://stors.tas.gov.au/NI/468922,For Sale - Wool Pack - Hotel - Harrington Street 1835,1835.0,1835.0
MM62/27 item A1128,,https://stors.tas.gov.au/NI/469068,"Francis Cotton - Propsals for employment of convicts and on transportation generally - in letters to Denison - 12 Jan 1848, 24 Jun 1848",1848.0,1848.0
"HTC 21 Oct 1846, HTC 12 May 1857",,https://stors.tas.gov.au/NI/469076,"For Sale - Rainbow Inn - Hotel Campbell Town 1846, 1857",1846.0,1846.0
HTC 6 Oct 1837,,https://stors.tas.gov.au/NI/469077,"For Sale -King of Prussia Inn - Hotel , New Norfolk, 1837",1840.0,1840.0
Hobart Town Courier 25 Nov 1836 p3 c3,,https://stors.tas.gov.au/NI/470994,Dr Ross - For sale - residence and printing establishment cnr Murray and Collins Sts Hobart & copyright in the Courier newspaper,1836.0,1836.0
HTG 29 Sep 1850,,https://stors.tas.gov.au/NI/464120,"Louisa Gee Licensee Australian and Tasmanian Hotel, Wellington Street, Launceston, 1850",1850.0,1850.0
"HTG 12 Jan 1864, 17 Jan 1865",,https://stors.tas.gov.au/NI/464305,"Richard Gee Licensee Bird-In-Hand Hotel, Elizabeth St, Launceston, 1864 - 1865",1864.0,1864.0
"HTG 6/1/1863 p 124, 2/2/1864 p 356, 17/1/1865",,https://stors.tas.gov.au/NI/467040,Thomas Gee - Licensee - Sir William Wallace - Hotel Franklin village - Launceston - 1863 - 1865,1863.0,1863.0
"HTG 8 Oct 1835, 7 Oct 1836, 13 Oct 1837",,https://stors.tas.gov.au/NI/467186,"William Henry Gill - Licensee, Star and Garter Wine Vaults Hotel, Elizabeth Town  1835 - 1837",1835.0,1835.0
HTG 16/9/1848,,https://stors.tas.gov.au/NI/467606,James Ham - Licensee - Plough Inn - Charles St - Launceston - 1848,1848.0,1848.0
"HTG 27/9/1849, 29/9/1850",,https://stors.tas.gov.au/NI/467622,James Ham - Licensee - Plough Inn - 1849 - 1850,1849.0,1849.0
Critic 20 July 1923 p 3 c 1,,https://stors.tas.gov.au/NI/465494,Hen and Chicken Hotel - Liverpool St. 1923,1923.0,1923.0
Independent 24 Sep 1831,,https://stors.tas.gov.au/NI/465496,"Chapman, Thomas - Licensee Hen and Chickens - Hotel - Liverpool St. Hobart 1831",1831.0,1831.0
"HTG 11/8/57, 12/1/1858",,https://stors.tas.gov.au/NI/465412,Frederick Le Geyt Piguenit  - Licensee - Bush Inn - Hotel - New Norfolk - 1857 - 1858,1857.0,1857.0
HTG 7 Oct 1836,,https://stors.tas.gov.au/NI/464106,"Alexander Lee -  Licensee Angel Inn - Hotel, Kangaroo Point Road, 1836",1836.0,1836.0
HTG 16/10/1819,,https://stors.tas.gov.au/NI/464837,"Michael Lee - Licensee - Freemasons Arms  Hotel - Hobart, 1819",1819.0,1819.0
"HTG 29/11/1853, 09/01/1855, 15/06/1856, 06/01/1857",,https://stors.tas.gov.au/NI/464872,"James Lee - Licensee - The Friendly Inn Hotel - Garden Bay, Port Cygnet, 1853",1853.0,1853.0
HTG 8 Jan 1861,,https://stors.tas.gov.au/NI/464966,"Charles Lee Licensee Globe Inn - Hotel, Davey St, Hobart, 1861",1861.0,1861.0
HTG 8 Oct 1841,,https://stors.tas.gov.au/NI/465427,"Ann Lee - Licensee - Harvest Home - Hotel - New Town Road, Hobart 1841",1841.0,1841.0
Tasmanian 3 Oct 1828,,https://stors.tas.gov.au/NI/465735,"Michael Lee Licensee Castle Inn - Hotel, Harrington St, Hobart 1828 - article",1828.0,1828.0
HTG 6 Oct 1827,,https://stors.tas.gov.au/NI/466329,"Michael Lee Licensee Crown and Sceptre - Hotel, Murray St, Hobart, 1827",1827.0,1827.0
HTG 13/10/1837,,https://stors.tas.gov.au/NI/468303,William Lee -  Licensee - Waggon and Horses Hotel - New Town Rd - 1837,1837.0,1837.0
HTG 11 Oct 1839,,https://stors.tas.gov.au/NI/468503,"William Lee - Licensee Royal Oak - Hotel - Watchorn St, Hobart, 1839",1839.0,1839.0
HTG 13 Dec 1859,,https://stors.tas.gov.au/NI/464699,"William Squire Long Licensee Bricklayer's Arms - Hotel - Launceston, 1859",1859.0,1859.0
HTG 27 Sep 1853,,https://stors.tas.gov.au/NI/467020,"Neils Basstian Licensee Middleton Hotel, Long Bay, Middleton, 1853",1853.0,1853.0
"HTG 15/11/1853, 9/1/1855, 15/1/1856, 13/1/1857, 5/1/1858",,https://stors.tas.gov.au/NI/467022,"Valentine Marshall Licensee Middleton Hotel, Long Bay, Middleton, 1853 - 1858",1853.0,1853.0
"HTG 7/10/1836, 13/10/1837",,https://stors.tas.gov.au/NI/467024,Button Jones - Licensee - Sir William Wallace - Hotel  - Long Meadows - 1836 - 1837,1836.0,1836.0
HTG 11/1/1859,,https://stors.tas.gov.au/NI/467291,James Chitty -  Licensee -Odd Fellow's Hotel - Long Bay - 1859,1859.0,1859.0
"HTG 8/1/1861, 7/1/1862, 20/1/1863, 16/2/1864 p 431, 17/1/1865",,https://stors.tas.gov.au/NI/467292,Martin Fitzpatrick -  Licensee - Odd Fellows' Hotel - Long Bay - 1861 - 1865,1861.0,1861.0
"HTG 30/12/1856, 5/1/1858, 11/1/1859, 31/1/1860",,https://stors.tas.gov.au/NI/467542,"James Long - Licensee - Tamar Hotel, East Bank Tamar - Launceston -1856 - 1860",1856.0,1856.0
"HTG 8/1/1861, 7/1/1862",,https://stors.tas.gov.au/NI/467572,James Long - Licensee - Pier Hotel - George Town - - 1861 - 1862,1861.0,1861.0
"HTG 8/10/1824, 22/10/1825, 14/10/1826, 7/10/1827, 3/10/1829, The Tasmanian 3/10/1828",,https://stors.tas.gov.au/NI/467598,Daniel Long - Licensee - Plough and Harrow - Sorell Town - 1824 - 1829,1824.0,1824.0
HTG 14 Jan 1862,,https://stors.tas.gov.au/NI/467962,"R Morgan Licensee Travellers Rest - Hotel, Long Bay, 1862",1862.0,1862.0
"HTG 20 Jan 1863 p226, 16 Feb 1864 p437",,https://stors.tas.gov.au/NI/467964,"Richard Morgan Licensee Travellers Rest - Hotel, Long Bay, 1863 - 1864",1863.0,1863.0
HTG 9/10/1834,,https://stors.tas.gov.au/NI/465366,"John Reece -Licensee - Half Moon - Hotel - Launceston, 1834",1834.0,1834.0
HTG 8/10/1835,,https://stors.tas.gov.au/NI/465367,Hannah Reece - Licensee - Half Moon Inn - Hotel - Launceston 1835,1835.0,1835.0
HTG 7/10/1836,,https://stors.tas.gov.au/NI/465368,George Williams - Licensee - Half Moon - Hotel - Launceston 1836,1836.0,1836.0
HTG 13/10/1837 12/10/1838 11/10/1839,,https://stors.tas.gov.au/NI/465370,Thomas Faro - Licensee -Half Moon - Hotel - Launceston 1837 -1839,1837.0,1837.0
HTG 16 Oct 1819,,https://stors.tas.gov.au/NI/464142,"Austin and Earle - Licensee Barley Mow Hotel, Black Snake, 1819",1819.0,1819.0
"HTG 6 Oct 1821, 5 Oct 1822",,https://stors.tas.gov.au/NI/464143,"William Wood - Licensee Barley Mow Hotel, Davey Street, Hobart Town, 1821 - 1822",1821.0,1821.0
"HTG 5 Jan 1858, 8 Jan 1859, 10 Jan 1860",,https://stors.tas.gov.au/NI/464144,"William Johnson -  Licensee Barley Mow Hotel, Wellington Crescent, Hobart, 1858 - 1860",1858.0,1858.0
HTG 8 Jan 1861,,https://stors.tas.gov.au/NI/464145,"Mary Ann Johnson -  Licensee Barley Mow Hotel, Wellington Crescent, Hobart, 1861",1861.0,1861.0
"Mercury 22 Aug 1861, p.1, col 4, 10 Feb 1862, p.1, col 1",,https://stors.tas.gov.au/NI/464146,"Barley Mow Hotel, 10 Wellington Crescent, Battery Point, Hobart - article, 1861 - 1862",1861.0,1861.0
Laun Exam 1 Feb 1929,,https://stors.tas.gov.au/NI/463921,"F J Gunn - Purchased the former Launceston Club Building in Brisbane St, Launceston - photo and description of the remodelled building now known as the Club Chambers. Builders J & T Gunn and Medhursts did the electric lighting system",1929.0,1929.0
HTC 24 July 1847 1E,,https://stors.tas.gov.au/NI/465841,"Sale - Johnson's Inn (now rented & used as a school by H.M. Good) and 23 lots, late David Lord's Estate  - Hotel - Kangaroo Pt, 1847",1847.0,1847.0
NS544/1/1 p46,,https://stors.tas.gov.au/NI/467531,Howard's Hotel - cnr Argyle & Morrison St - now demolished - article and photo,,
Laun Exam 4 Oct 1929,,https://stors.tas.gov.au/NI/463901,"W Harris - Photo and description of Service Station on corner of Cleveland and Hobart Rds, Launceston, Managed by Mr Best, builders Waugh Bros and architect Frank Heyward",1929.0,1929.0
Laun Exam 2 Aug 1929,,https://stors.tas.gov.au/NI/463907,James Walden - Plan and description of his new Office buildings on corner of Charles and Cimitiere St Launceston - designed by P T Adam - site isthe old St Andrews Church ground,1929.0,1929.0
Laun Exam 10 May 1929,,https://stors.tas.gov.au/NI/463915,H S East - Architect - Plan and description of house on corner of Adelaide and Hornsey Sts built by Hinman Wright and Manser about 1927,1929.0,1929.0
Laun Exam 9 Nov 1928,,https://stors.tas.gov.au/NI/463925,"Frank Heyward - Architect- Photo and description of a motor garage erected in York St,Launceston, on the site of a former tannery. Hinman Wright and Manser were the building contractors",1928.0,1928.0
HTG 8 Jan 1861,,https://stors.tas.gov.au/NI/465445,Abraham Wren - Licensee Heidleberg Hotel - on road to Deloraine 1861,1861.0,1861.0
"HTG 30 Sep 1851, 5 Oct 1852, 4 Oct 1853, 2 Jan 1855",,https://stors.tas.gov.au/NI/465449,"William Davis - Licensee The Help Me On - Hotel - The Falls, New Norfolk 1851 - 1855",1851.0,1851.0
HTG 13 Feb 1855,,https://stors.tas.gov.au/NI/465451,"Graham Dixon - Licensee Help-Me-On - Hotel - Falls, New Norfolk 1855",1855.0,1855.0
"Mercury 7 Oct 1935,",,https://stors.tas.gov.au/NI/465767,Horse Shoe Inn - Hotel - Cambridge - article (history & photo on its remodelling) - 1935,1935.0,1935.0
"NS742/1/25 p 76, col 1",,https://stors.tas.gov.au/NI/466070,Cornwall Hotel - history on Launceston by Whitfeld,,
HTG 15 Feb 1839,,https://stors.tas.gov.au/NI/466088,On Lease to Grantols - Kensington Inn - O'Briens Bridge Also Tannery and  Felmongering Establishment,1839.0,1839.0
Mercury 20/7/1860,,https://stors.tas.gov.au/NI/466851,To Let - Lease - on death of Richard Anson - Ship Inn - 1860,1860.0,1860.0
"Critic 18 Sep 1920, NS 21/26/1/1 p324",,https://stors.tas.gov.au/NI/467269,"Steam Packet Tavern Hotel, Wharves, Hobart 1920, article on history",1920.0,1920.0
HTG 16 Jun  1847,,https://stors.tas.gov.au/NI/468091,Daniel O'Connor - Licensee - Rob Roy Inn - Lincoln on Macquarie Rd - Sale or Let -  1847,1847.0,1847.0
SC195/1/53 No 6761,https://stors.tas.gov.au/SC195-1-53-6761,https://stors.tas.gov.au/NI/470387,Inquest - Fire on Beehive Public House premises - 13 June 1870,1870.0,1870.0
MM62/20 file 6956,,https://stors.tas.gov.au/NI/470639,Norfolk Island - report on officers stationed there - Mar 1847,1847.0,1847.0
"Laun Exam 7 Sep 1928, 2 Nov 1928",,https://stors.tas.gov.au/NI/463927,"Frank Heyward - Architect - Photos and description of houses in Clarence St, Launceston. C E Smith is identified as the owner of one of the properties",1928.0,1928.0
"Examiner 9 Jun 1882 p 2, col 5, Tasmanian 10 Jun 1882 p 639, col 3",,https://stors.tas.gov.au/NI/465113,"Brisbane Hotel, Launceston Article re replacement of present building by new one, 1882",1882.0,1882.0
"HTG 6 Jan 1863, p.124",,https://stors.tas.gov.au/NI/466660,"Robert Onn -   Licensee - St Patrick Hotel - Bathurst St, Hobart 1863",1863.0,1863.0
HTG 7/10/1845 6/10/1846,,https://stors.tas.gov.au/NI/467401,"William Hartley - Licensee - Pack Horse - Hotel - Melville St, Hobart 1845 - 1846",1845.0,1845.0
HTG 11 Oct 1839,,https://stors.tas.gov.au/NI/468903,Robert Stodart - Licensee - Wool Pack - Hotel - New Norfolk 1839,1839.0,1839.0
HTG 2 Oct 1834,,https://stors.tas.gov.au/NI/468919,Samuel Haywood - Licensee - Wool Pack - Hotel - Macquarie Plains 1834,1834.0,1834.0
HTG 8 Oct 1835,,https://stors.tas.gov.au/NI/468921,James Barrett - Licensee - Wool Pack - Hotel - Harrington Street 1835,1835.0,1835.0
"HTG 1 Oct 1844, 7 Oct 1845",,https://stors.tas.gov.au/NI/468923,"Robert Pearson - Licensee - Wool Pack Inn - Hotel - Bathurst Street, Launceston 1844 - 1845",1844.0,1844.0
"HTG 7 Oct 1845, 30 Sep 1848",,https://stors.tas.gov.au/NI/468042,"William Pat(t)erson Licensee Travellers Home (Rest) - Hotel, Wattle Hill, Sorell, 1845, 1848",1845.0,1845.0
HTG 12 Jan 1864 p 158,,https://stors.tas.gov.au/NI/465419,Joseph Bramich - Licensee - Horborne Hotel see also Harborne Hotel - Horborne 1864,1864.0,1864.0
"HTG 2 Oct 1834, 8 Oct 1835, 7 Oct 1836, 5 Oct 1838, 11 Oct 1839",,https://stors.tas.gov.au/NI/465894,"Simon M'Colough (see also) Simon M'Cullop (see also) Simon M'Cullough - Licensee Jolly Farmer - Hotel - Coal River, 1834 - 1839",1834.0,1834.0
NS21/26/1/3 p 43 c3,,https://stors.tas.gov.au/NI/467197,"Star Inn, Hobart, see scrapbook item",,
HTG 12/8/1856 23/12/1856 5/1/1858 8/1/1859 10/1/1860 8/1/1863,,https://stors.tas.gov.au/NI/467741,Mary Ann Beck - Licensee - Queen Adelaide - Hotel - see also Adelaide Inn - Adelaide St Hobart - 1856 - 1863,1856.0,1856.0
HTG 25/1/1870 27/11/1920,,https://stors.tas.gov.au/NI/467864,George Swan - George Swann - Licensee - Rear Admiral Hornby - see also Esplanade - Salamanca Place Hobart 1870 - 1920,1870.0,1870.0
"Tas Mail 8 Dec 1877 p.10,  col.4",,https://stors.tas.gov.au/NI/468758,"Wiggins Hotel, Cnr Murray & Collins Sts - see licence transferred 1877",1877.0,1877.0
HTG 3 Feb 1857,,https://stors.tas.gov.au/NI/464433,Steamer - Duncan Hoyle - Ship Licensee John  McLachlan - Hobart 1857,1857.0,1857.0
HTG 14/8/1855,,https://stors.tas.gov.au/NI/465955,"Steamer - Cobie  - Ship - Licensee  Robert George Gibbons, 1855",1855.0,1855.0
"HTG 8/10/1824, 22/10/1825, 14/10/1826, 6/10/1827, 3/10/1829, The Tasmanian 3/10/1828",,https://stors.tas.gov.au/NI/466833,William Maycock -  Licensee - Ship Launch - Argyle St - 1824 - 1829,1824.0,1824.0
NS21/26/1/3 p 47,,https://stors.tas.gov.au/NI/466834,Ship Hotel - Hobart - article,,
"HTG 6/10/1821, 5/10/1822",,https://stors.tas.gov.au/NI/466835,Peter Copeland - Licensee - Ship - Collins St - Hobart Town - 1821,1821.0,1821.0
htg 4/10/1823,,https://stors.tas.gov.au/NI/466836,William Johnson -  Licensee - Ship - Collins St - 1823,1823.0,1823.0
"HTG 11/1/1859, 10/1/1860",,https://stors.tas.gov.au/NI/466837,Richard Anson -  Licensee - Ship - Hobart Town,1859.0,1859.0
Critic 10 May 1924 p 3 col 1,,https://stors.tas.gov.au/NI/466838,Ship Hotel - Collins St - 1924  - article,1924.0,1924.0
Mercury 26/4/1882 p 4 col 4,,https://stors.tas.gov.au/NI/466839,Auction by JC Hadley of contents of Ship Hotel,1882.0,1882.0
Mercury 19/2/1898 p 17,,https://stors.tas.gov.au/NI/466840,Ship Hotel - Site of Union Bank in 1898  - article,1898.0,1898.0
"Critic 12/1/1923 p 2, col 2",,https://stors.tas.gov.au/NI/466841,Ship Hotel - Elizabeth & Collins Sts 1923  - article,1923.0,1923.0
"HTG 8/10/1824, 22/10/1825, 14/10/1826",,https://stors.tas.gov.au/NI/466842,Benjamin Morris - Licensee - Ship Inn - Elizabeth & Collins Sts - 1824 - 1826,1824.0,1824.0
"HTG 5/10/1827, The Tasmanian 3/10/1828",,https://stors.tas.gov.au/NI/466843,Charles Day - Licensee - Ship Inn - Collins St - 1827 - 1828,1827.0,1827.0
Tasmanian 3 Oct 1828,,https://stors.tas.gov.au/NI/466844,George Wise & Charles Day - Licensee - Ship Inn - Collins St - 1828,1828.0,1828.0
"HTG 3/10/1829, 25/9/1834, 2/10/1834, 8/10/1835, 7/10/1836, 13/10/1837, The Tasmanian 3/10/1828",,https://stors.tas.gov.au/NI/466845,G Wise -  Licensee - Ship Inn - Collins St - 1829 - 1837,1829.0,1829.0
"HTG 5/10/1838, 11/10/1839, 8/10/1841, 7/10/1842, 6/10/1843, 8/10/1844, 7/10/1845, 6/10/1846",,https://stors.tas.gov.au/NI/466846,John Providence Lester -  Licensee - Ship Hotel - Collins St - Hobart Town 1838 - 1846,1838.0,1838.0
"HTG 2/5/1848, 30/9/1848, 27/9/1849",,https://stors.tas.gov.au/NI/466847,John White -  Licensee - Ship Hotel - Collins St - Hobart Town - 1848 - 1849,1849.0,1849.0
"HTG 5/8/1850, 29/9/1850, 7/10/1851, 5/10/1852, 4/10/1853, 2/1/1855, 15/1/1856, 6/1/1857, 5/1/1858",,https://stors.tas.gov.au/NI/466848,Richard Anson -  Licensee - Ship Hotel - Inn - Collins St - Hobart Town - 1850 - 1858,1850.0,1850.0
HTG 8/1/1861,,https://stors.tas.gov.au/NI/466849,Julia Ann Anson -  Licensee - Ship Hotel - Hobart Town 1861,1861.0,1861.0
"HTG 7/1/1862, 6/1/1863 p 124, 12/1/1864 p 157, 17/1/1865 p 228",,https://stors.tas.gov.au/NI/466850,Walter Butler -  Licensee - Ship Hotel - Collins St - Hobart Town - 1862 -1865,1862.0,1862.0
HTG 10/10/1829,,https://stors.tas.gov.au/NI/466852,Patrick Carlen -  Licensee - Ship - St John St - Launceston - 1829,1829.0,1829.0
"HTG 8/1/1835, 7/10/1836",,https://stors.tas.gov.au/NI/466853,James Whitehead - Licensee -Ship Inn - Launceston - 1835 - 1836,1835.0,1835.0
HTG 13/12/1833,,https://stors.tas.gov.au/NI/466854,George Aylwin - Licensee -Ship Inn - Launceston - 1833,1833.0,1833.0
"HTG 13/10/1837, 12/10/1838, 11/10/1839, 8/10/1841, 29/9/1843, 30/9/1842, 1/10/1844",,https://stors.tas.gov.au/NI/466855,Robert Brand - Licensee - Ship Inn - St John's St - Launceston - 1837 - 1850 (part 1),1837.0,1837.0
"HTG 1/10/1844, 7/10/1845, 25/9/1847, 30/9/1848, 27/9/1849, 29/9/1850",,https://stors.tas.gov.au/NI/466856,Robert Brand - Licensee - Ship Inn - St John's St - Launceston - 1837 - 1850 (cont.),1837.0,1837.0
"HTG 23/9/1851, 5/10/1852, 4/10/1853, 2/1/1855",,https://stors.tas.gov.au/NI/466857,Mary Ann Brand - Licensee - Ship Inn - St John & Williams Sts - Launceston - 1851 - 1855,1851.0,1851.0
"HTG 15/1/1856, 30/12/1856",,https://stors.tas.gov.au/NI/466858,Thomas Wells - Licensee - Ship Inn - St John's St - Launceston,1856.0,1856.0
HTG 17/1/1865 p 229,,https://stors.tas.gov.au/NI/466859,Thomas Bruff - Licensee - Ship Inn - Launceston Wharf - 1865,1865.0,1865.0
"HTG 8/1/1861, 14/1/1862, 20/1/1863, 12/1/1864",,https://stors.tas.gov.au/NI/466861,John Mason - Licensee - Ship Inn - Launceston Wharf - 1861 - 1864,1861.0,1861.0
"HTG 29/9/1850, 4/11/1851, 12/10/1852",,https://stors.tas.gov.au/NI/466865,Thomas Wells - Licensee - Ship Inn - Emu Bay - 1850 - 1852,1850.0,1850.0
"HTG 2/1/1855, 8/1/1856",,https://stors.tas.gov.au/NI/466867,Thomas Wiseman - Licensee - Ship Inn - Emu Bay - 1855 - 1856,1855.0,1855.0
"HTG 30/12/1856, 5/1/1858",,https://stors.tas.gov.au/NI/466868,Thomas Lewis - Licensee - Ship Inn - Emu Bay - 1856 - 1858,1856.0,1856.0
"HTG 8/2/1859, 8/1/1861, 10/1/1860, 21/1/1862, 6/1/1863, 12/1/1864, 17/1/1865",,https://stors.tas.gov.au/NI/466870,Richard Lennard - Licensee - Ship Inn - Emu Bay - 1859 - 1865,1859.0,1859.0
Tas Mail 13 Dec 1934 p 29,,https://stors.tas.gov.au/NI/466878,Ship Inn - Cnr Elizabeth & Collins St - article - 1934,1934.0,1934.0
"HTG 9/1/1856, 20/1/1857, 30/1/1858",,https://stors.tas.gov.au/NI/466883,Thomas House - Licensee - Ship Inn - Stanley - 1856 - 1858,1856.0,1856.0
"HTG 7/1/1862, 12/1/1864 p 158, 16/2/1864 p437, 17/1/1865",,https://stors.tas.gov.au/NI/466884,William Harman - Licensee - Ship Inn - Stanley - 1862 - 1865,1862.0,1862.0
"HTG 15/11/1853 2/1/1855, 15/1/1856, 20/1/1857 1/2/1859, 8/1/1861, 21/1/1862, 13/2/1863",,https://stors.tas.gov.au/NI/467242,Steamer - The Culloden - Ship Licensee  John Russell Gourlay. Trips betweem Hobart and the Huon 1853 1863,1853.0,1853.0
HTG 7 Oct 1845,,https://stors.tas.gov.au/NI/467243,Steamer - Gypsey - Ship - Licensee  Alexander Matthyssens - trips between Launceston & George Town 1845,1845.0,1845.0
HTG 5 Aug 1850,,https://stors.tas.gov.au/NI/467245,"Steamer - Gypsey - Ship - Licensee John Crego Brown, Launceston 1850",1850.0,1850.0
"HTG 13 Jan 1857, 1 Feb 1859, 7 Feb 1860, 5 Feb 1861",,https://stors.tas.gov.au/NI/468397,Steamer - Monarch - Ship Licensee Edward Luttrell and Frederick Wise  - trips between Hobart and New Norfolk,1857.0,1857.0
"HTG 18 Jan 1859, 10 Jan 1860, 8 Jan 1861",,https://stors.tas.gov.au/NI/468604,Steamer - Titania - Ship Licensee William Dobson - trips between Launceston and other ports,1859.0,1859.0
HTG 26 Aug 1856,,https://stors.tas.gov.au/NI/468642,"Steamer - Gazelle - Ship Licensee Melmer Lushington Goodwin, 1856",1856.0,1856.0
HTG 21 Jan 1862,,https://stors.tas.gov.au/NI/469078,Steamer - Monarch - Ship Licensee Frederick Wise - trips between Hobart and New Norfolk,1861.0,1861.0
HTG 8/1/1861,,https://stors.tas.gov.au/NI/469079,"Steamer -  Gazelle - ship - Licensee James Henderson, Launceston  1861",1861.0,1861.0
HTG 14 Jan 1862,,https://stors.tas.gov.au/NI/469080,Steamer -Titania - Ship - Licensee Joseph Hughes - trips between Launceston and various ports,1862.0,1862.0
HTG 13 Feb 1855,,https://stors.tas.gov.au/NI/469861,Steamer - Mimosa - ship -  Licensee John McLachlan 1855,1855.0,1855.0
HTG 15 Jan 1856,,https://stors.tas.gov.au/NI/469862,Steamer - Mimosa - ship -  Licensee Robert Rae 1856,1856.0,1856.0
HTG 6/10/1827 3/10/1829 25/9/1834 2/10/1834 8/10/1835 7/10/1836 The Tasmanian 3/10/1828,,https://stors.tas.gov.au/NI/467960,William Lewis - Licensee - Rising Sun Inn - Hotel - Bathurst St 1827 - 1836,1827.0,1827.0
HTG 13/10/1837,,https://stors.tas.gov.au/NI/467961,Benjamin Hyrons - Licensee - Rising Sun - Hotel - Bathurst St 1837,1837.0,1837.0
HTG 5/10/1838,,https://stors.tas.gov.au/NI/467963,John Collins - Licensee - Rising Sun  - Hotel - Bathurst St 1838,1838.0,1838.0
HTG 11/10/1839 8/10/1841 7/10/1842 6/10/1843 1/10/1844 7/10/1845,,https://stors.tas.gov.au/NI/467965,Charles Gaylor - Licensee - Rising Sun  - Hotel - Bathurst St Hobart 1839 - 1845,1839.0,1839.0
HTG 6/10/1846 2/10/1847,,https://stors.tas.gov.au/NI/467967,Samuel Barnett - Licensee - Rising Sun - Hotel - Bathurst St Hobart 1846 - 1847,1846.0,1846.0
HTG 30/9/1848,,https://stors.tas.gov.au/NI/467968,James Rayner - Licensee - Rising Sun Inn - Hotel - Bathurst St Hobart 1848,1848.0,1848.0
HTG 27/9/1849,,https://stors.tas.gov.au/NI/467969,William Meale - Licensee - Rising Sun Inn - Hotel - Bathurst St Hobart 1849,1849.0,1849.0
HTG 6/5/1850,,https://stors.tas.gov.au/NI/467970,Thomas Cleverly - Licensee - The Rising Sun - Hotel - Bathurst St Hobart 1850,1850.0,1850.0
HTG 5/8/1850 29/9/1850 23/9/1850 5/10/1852 27/9/1853 19/12/1854,,https://stors.tas.gov.au/NI/467971,Thomas Holden - Licensee -  Rising Sun - Hotel - Bathurst St Hobart 1850 - 1854,1850.0,1850.0
HTG 15/1/1856,,https://stors.tas.gov.au/NI/467973,Ralph Simmonds - Licensee -  Rising Sun - Hotel - Bathurst St Hobart 1856,1856.0,1856.0
HTG 13/5/1856 30/12/1856 5/1/1858,,https://stors.tas.gov.au/NI/467974,Thomas Wilcox - Licensee -  Rising Sun - Hotel - Bathurst St Hobart 1856 - 1858,1856.0,1856.0
HTG 10/8/1858,,https://stors.tas.gov.au/NI/467975,John Symmons - Licensee -  Rising Sun - Hotel - Bathurst St Hobart 1858,1858.0,1858.0
HTG 11/1/1859,,https://stors.tas.gov.au/NI/467978,Harry Pritchard - Licensee - Rising Sun - Hotel - Hobart 1859,1859.0,1859.0
HTG 10/1/1860,,https://stors.tas.gov.au/NI/467980,Henry Deegan - Licensee - Rising Sun - Hotel - Bathurst St Hobart 1860,1860.0,1860.0
HTG 8/1/1861,,https://stors.tas.gov.au/NI/467982,William Martin - Licensee - Rising Sun - Hotel - Bathurst St Hobart 1861,1861.0,1861.0
HTG 2/2/1864 p 356,,https://stors.tas.gov.au/NI/467983,Thomas Brown - Licensee -  Rising Sun - Hotel - Bathurst St Hobart 1864,1864.0,1864.0
HTG 7/2/1865,,https://stors.tas.gov.au/NI/467984,William Poynton - Licensee -  Rising Sun - Hotel - Bathurst St Hobart 1865,1865.0,1865.0
Mercury 25 Apr 1860 p4c1,,https://stors.tas.gov.au/NI/467991,To Let - Rising Sun - Hotel - Bathurst St 1860,1860.0,1860.0
Mercury 29/9/1953 p4 Letter to Editor,,https://stors.tas.gov.au/NI/467995,Rising Sun Inn - Hotel - delicensed 1859 - site being demolished - Letter to Editor - Cnr Criterion & Bathurst St Hobart 1953,1953.0,1953.0
HTG 13/12/1833 9/10/1834 8/10/1835,,https://stors.tas.gov.au/NI/467998,Thomas Dudley - Licensee - Rising Sun - Hotel - Launceston 1833 - 1835,1833.0,1833.0
HTG 7/10/1845,,https://stors.tas.gov.au/NI/468000,James Johnson - Licensee - Rising Sun - Hotel - Cnr Welman & Elizabeth Sts Launceston 1845,1845.0,1845.0
HTG 29/9/1843 1/10/1844 7/10/1845 6/10/1846 2/10/1847 30/9/1848 29/9/1849 29/9/1850 7/10/1851,,https://stors.tas.gov.au/NI/468001,"Josiah Pitcher - Licensee -  Rising Sun - Hotel - Prospect Village, Launceston 1843 - 1851",1843.0,1843.0
HTG 5/10/1852 4/10/1853 9/1/1855 15/1/1856 13/1/1857 22/12/1857 8/1/1859 10/1/1860 7/1/1862 6/1/1863,,https://stors.tas.gov.au/NI/468004,"Josiah Pitcher - Licensee - Rising Sun - Hotel - Prospect Village, Launceston 1852 - 1863",1852.0,1852.0
HTG 12/1/1864 17/1/1865,,https://stors.tas.gov.au/NI/468006,"Josiah Pitcher - Licensee - Rising Sun - Hotel - Prospect Village, Launceston 1864 - 1865",1864.0,1864.0
HTG 10/10/1829,,https://stors.tas.gov.au/NI/468007,"John Knight - Josiah Pitcher - Licensee -  Rising Sun - Hotel - George St, Launceston",1829.0,1829.0
"HTG 6/10/1846, 25/9/1847, 30/9/1848, 29/9/1849, 29/9/1850, 7/10/1851, 5/10/1852, 4/10/1853",,https://stors.tas.gov.au/NI/467530,William Bull - Licensee - Tam O'Shanter - Hotel - Canning St - Launceston - 1846 - 1853,1846.0,1846.0
"HTG 2/1/1855, 15/1/1856, 13/1/1857, 5/1/1858, 8/1/1859, 10/1/1860, 8/1/1861, 7/1/1862, 6/1/1863",,https://stors.tas.gov.au/NI/467532,William Bull - Licensee - Tam O'Shanter Hotel - Canning St - Launceston - 1855 - 1863,1855.0,1855.0
"HTG 12/1/1864, 17/1/1865",,https://stors.tas.gov.au/NI/467533,William Bull - Licensee - Tam O'Shanter Hotel - Canning St - Launceston - 1864 - 1865,1864.0,1864.0
HTG 14/2/1854,,https://stors.tas.gov.au/NI/467534,James Will - Licensee  -  Tam O'Shanter Hotel - Canning St - Launceston - 1854,1854.0,1854.0
HTG 8/10/1835,,https://stors.tas.gov.au/NI/465650,Francis Cobb - Licensee - Canterbury Inn - New Tow Rd - 1835,1835.0,1835.0
HTG 8/10/1841 7/10/1842 6/10/1843,,https://stors.tas.gov.au/NI/465372,"Edward Greenbank - Licensee - Half-way House - Hotel - Anthill Ponds, Oatlands 1841-1843",1841.0,1841.0
HTG 8/10/1844 6/10/1846 2/10/1847,,https://stors.tas.gov.au/NI/465375,"Charles Barlow - Licensee - Half-way House - Hotel - Anthill Ponds, Oatlands 1844-1847",1844.0,1844.0
HTG 6/6/1848 7/10/1848 29/9/1849 29/9/1850 7/10/1851 5/10/1852 4/10/1853,,https://stors.tas.gov.au/NI/465378,"Dennis Bacon - Licensee - Half-way House - Hotel - Anthill Ponds, Oatlands 1848 -1853",1848.0,1848.0
HTG 15/8/1854,,https://stors.tas.gov.au/NI/465380,"Edward Barwick - Licensee - Half-way House - Hotel - Anthill Ponds, Oatlands",1854.0,1854.0
HTG 2/1/1855 8/1/1856 6/1/1857 5/1/1858,,https://stors.tas.gov.au/NI/465381,"Joseph Barwick - Licensee - Half-way House - Hotel - Anthill Ponds, Oatlands 1855 -1858",1855.0,1855.0
HTG 11/5/1858 11/1/1859 3/1/1860 8/1/1861 7/1/1862 19/1/1864 17/1/1865,,https://stors.tas.gov.au/NI/465382,"Charles Drable - Charles Drabble - Licensee - Half-way House - Hotel - Anthill Ponds, Oatlands 1858 -1865",1858.0,1858.0
Mercury 31/12/1932 p12,,https://stors.tas.gov.au/NI/465387,Half-way House - license not renewed - photo 1932,1932.0,1932.0
HTG 13/10/1837 12/10/1838,,https://stors.tas.gov.au/NI/465389,James Seagrave - Licensee - Half-way House - Hotel - Cocked Hat 1838,1838.0,1838.0
HTG 5/10/1822,,https://stors.tas.gov.au/NI/465390,Thomas Presness - Licensee - Half-way House - Hotel - Black Snake 1822,1822.0,1822.0
HTG 11/10/1839 8/10/1841 30/9/1843 1/10/1844,,https://stors.tas.gov.au/NI/465391,"Robert Jones - Licensee - Half-way House - Hotel - Pleasant Place, Jericho 1839 -1844",1839.0,1839.0
HTG 6/10/1846,,https://stors.tas.gov.au/NI/465392,George Wheatley - Licensee - Half-way House - Hotel - Coal River Richmond 1846,1846.0,1846.0
HTG 16/9/1848 27/9/1849 29/9/1850 30/9/1851 5/10/1852 27/9/1853 3/1/1860,,https://stors.tas.gov.au/NI/465393,"Joseph Forster -  Licensee - Half-way House - Hotel - Lower Jerusalem, Richmond 1848 - 1860",1848.0,1848.0
HTG 8/1/1861 7/1/1862 6/1/1863 12/1/1864,,https://stors.tas.gov.au/NI/465394,"Joseph Forster -  Licensee - Half-way House - Hotel - Lower Jerusalem, Richmond 1861-1864",1861.0,1861.0
HTG 26/12/1854 15/1/1856 13/1/1857 5/1/1858 11/1/1859,,https://stors.tas.gov.au/NI/465395,James Carey - Licensee - Half-way House - Hotel - Jerusalem Road 1854-1859,1854.0,1854.0
HTG 7/2/1865,,https://stors.tas.gov.au/NI/465396,"William Corrigan - Licensee - Half-way House - Hotel - District of Richmond, Lower Jerusalem, 1865",1865.0,1865.0
"HTG 23/9/1851 5/10/1852, 19/12/1853, CSO 24/221p189, 2/1/1855, 15/1/1856",,https://stors.tas.gov.au/NI/465397,"Richard Groombridge - - Licensee - Half-way House - Hotel - North West Bay, Huon 1851-1856",1851.0,1851.0
HTG 13/1/1857 5/1/1858,,https://stors.tas.gov.au/NI/465398,Richard Smart Groombridge - Licensee - Half-way House - Hotel - North West Bay 1857 -1858,1857.0,1857.0
HTG 13/12/1833 9/10/1834,,https://stors.tas.gov.au/NI/465399,William Rosevear - Licensee - Half-way House - Hotel - River Tamar 1833-1834,1833.0,1833.0
HTG 13/10/1837,,https://stors.tas.gov.au/NI/465400,Peter Hume - Licensee - Half-way House - Hotel - River Tamar 1837,1837.0,1837.0
"HTG 8/10/1835, 7/10/1836",,https://stors.tas.gov.au/NI/467424,William Punshon - Licensee - Surely We Have Done Our Duty - Hotel - Argyle St - Hobart - 1835 - 1836,1835.0,1835.0
"HTG 7 Oct 1842, 6 Oct 1843",,https://stors.tas.gov.au/NI/464131,"Jacob Wing Licensee - Bagdad Hotel - Hotel, Bagdad, 1842 - 1843",1842.0,1842.0
Tas Mail 6 Dec 1934,,https://stors.tas.gov.au/NI/468941,"Ye Old Neptune Inn - Hotel - Salamanca Place, Hobart  - article",1934.0,1934.0
