DIGITAL_OBJECT - URL_TEXT,DIGITAL_OBJECT - URL,NAME_RANK,RECORD_URL,REMARKS,NAME,YEAR,NAME_TITLE,WILL_NO
"The Weekly Courier: 18 January 1917, p. 24",https://stors.tas.gov.au/WC1917$init=WC1917011805$rotate=-90,Private,https://stors.tas.gov.au/NI/1462492,of South Mt Cameron.,"De Boo, A.",1917,,
"The Weekly Courier: 1 February 1917, p. 24",https://stors.tas.gov.au/WC1917$init=WC1917020105$rotate=-90,Private,https://stors.tas.gov.au/NI/1462493,of South Mt Cameron.,"De Boo, W.",1917,,
"The Tasmanian Mail: 6 July 1916, p. 20",https://stors.tas.gov.au/TASMAIL$init=1302864-7-1-20,Bandsman,https://stors.tas.gov.au/NI/1458764,,"Boon, A.",1916,,
"The Tasmanian Mail: 11 July 1918, p. 17|Discovering Anzacs profile",https://stors.tas.gov.au/TASMAIL$init=1305028-7-2-17|http://discoveringanzacs.naa.gov.au/browse/person/94219,Private,https://stors.tas.gov.au/NI/1458765,,"Boon, A.B.",1918,,
"Discovering Anzacs profile|Tasmanian Amateur Athletic Association Honour Board|The Tasmanian Mail: 13 March, 1919, p. 19",http://discoveringanzacs.naa.gov.au/browse/person/94195|https://stors.tas.gov.au/honourboard|https://stors.tas.gov.au/TASMAIL$init=1307109-3-2-19,Private,https://stors.tas.gov.au/NI/1458766,of Hobart. Killed in action.,"Boon, H.J.",1919,,
"The Weekly Courier: 11 July 1918, p. 18|Discovering Anzacs profile",https://stors.tas.gov.au/WC1918$init=WC1918071102$rotate=-90|http://discoveringanzacs.naa.gov.au/browse/person/94219,Private,https://stors.tas.gov.au/NI/1461569,,"Boon, A.B.",1918,,
"The Weekly Courier: 31 May 1917, p. 24|Discovering Anzacs profile",https://stors.tas.gov.au/WC1917$init=WC1917053105$rotate=-90|http://discoveringanzacs.naa.gov.au/browse/person/94227,Driver,https://stors.tas.gov.au/NI/1461570,of Perth.,"Boon, E.J.",1917,,
"The Weekly Courier: 18 November 1915, p. 24|The Weekly Courier: 31 May 1917, p. 24|Discovering Anzacs profile",https://stors.tas.gov.au/WC1915$init=WC1915111805$rotate=-90|https://stors.tas.gov.au/WC1917$init=WC1917053105$rotate=-90|http://discoveringanzacs.naa.gov.au/browse/person/94194,Driver,https://stors.tas.gov.au/NI/1461571,of Perth.,"Boon, Harold E.G.",1915|1917,,
"The Weekly Courier: 7 September 1916, p. 24",https://stors.tas.gov.au/WEEKLYCOURIER$init=1480821-9-1-28,,https://stors.tas.gov.au/NI/1461572,"son of Mrs Joseph Boon, Oaks.","Boon, Henry",1916,,
"The Weekly Courier: 6 January 1916, p. 24|Discovering Anzacs profile",https://stors.tas.gov.au/WC1916$init=WC1916010605$rotate=-90|http://discoveringanzacs.naa.gov.au/browse/person/94198,Private,https://stors.tas.gov.au/NI/1461573,"of Lansdowne Crescent, Hobart.","Boon, Horace",1916,,
LSD190/1/1415|Discovering Anzacs profile,https://stors.tas.gov.au/LSD190-1-1415|http://discoveringanzacs.naa.gov.au/browse/person/94219,,https://stors.tas.gov.au/NI/1488198,,"Boon, Aubrey Bradshaw",1919,,1488/S
LSD190/1/1416|Discovering Anzacs profile,https://stors.tas.gov.au/LSD190-1-1416|http://discoveringanzacs.naa.gov.au/browse/person/94196,,https://stors.tas.gov.au/NI/1488199,,"Boon, Henry Edwin",1919,,1489/S
"The Tasmanian Mail: 21 October 1915, p. 21",https://stors.tas.gov.au/TASMAIL$init=1533492-10-3-21,,https://stors.tas.gov.au/NI/1459611,"Munitions, in England.","Hill, Chum",1915,,
"The Weekly Courier: 5 October 1916, p. 20|The Weekly Courier: 16 November 1916, p. 23|The Weekly Courier: 2 August 1917, p. 24",https://stors.tas.gov.au/WC1916$init=WC1916100503|https://stors.tas.gov.au/WC1916$init=WC1916111604$rotate=-90|https://stors.tas.gov.au/WC1917$init=WC1917080205$rotate=-90,Private,https://stors.tas.gov.au/NI/1462979,of Caveside.,"Fraser, A.W. """"Chum""""",1916|1917,,
"The Tasmanian Mail: 5 July 1917, p. 20",https://stors.tas.gov.au/TASMAIL$init=1299031-7-1-20,Gunner,https://stors.tas.gov.au/NI/1460650,of Rokeby.,"Stanfield, G. """"Dick""""",1917,,
"The Weekly Courier: 28 June 1917, p. 23",https://stors.tas.gov.au/WC1917$init=WC1917062803$rotate=-90,Corporal,https://stors.tas.gov.au/NI/1461958,of Burnie.,"Chalk, R.G. """"Dick""""",1917,,
"The Weekly Courier: 8 March 1917, p. 24|Discovering Anzacs profile",https://stors.tas.gov.au/WC1917$init=WC1917030805$rotate=-90|http://discoveringanzacs.naa.gov.au/browse/person/147231,Private,https://stors.tas.gov.au/NI/1462534,"son of Mr James Dick, Riana.","Dick, A.G.",1917,,
"The Weekly Courier: 8 March 1917, p. 24|Discovering Anzacs profile",https://stors.tas.gov.au/WC1917$init=WC1917030805$rotate=-90|http://discoveringanzacs.naa.gov.au/browse/person/147243,Private,https://stors.tas.gov.au/NI/1462535,"son of Mr James Dick, Riana.","Dick, F.J.",1917,,
"The Weekly Courier: 8 March 1917, p. 24|The Weekly Courier: 11 April 1918, p. 24",https://stors.tas.gov.au/WC1917$init=WC1917030805$rotate=-90|https://stors.tas.gov.au/WC1918$init=WC1918041105$rotate=-90,Private,https://stors.tas.gov.au/NI/1462536,"son of Mr John Dick, Hillside, Pine Road.","Dick, C.G.",1917|1918,,
"The Weekly Courier: 8 March 1917, p. 24|The Weekly Courier: 11 April 1918, p. 24|Discovering Anzacs profile",https://stors.tas.gov.au/WC1917$init=WC1917030805$rotate=-90|https://stors.tas.gov.au/WC1918$init=WC1918041105$rotate=-90|http://discoveringanzacs.naa.gov.au/browse/person/147278,Private,https://stors.tas.gov.au/NI/1462537,"son of Mr John Dick, Hillside, Pine Road.","Dick, J.G.",1917|1918,,
"The Weekly Courier: 8 March 1917, p. 24|Discovering Anzacs profile",https://stors.tas.gov.au/WC1917$init=WC1917030805$rotate=-90|http://discoveringanzacs.naa.gov.au/browse/person/147255,Private,https://stors.tas.gov.au/NI/1462538,"son of Mr Robert Dick, Pine Road.","Dick, H.B.",1917,,
"The Weekly Courier: 8 March 1917, p. 24|Discovering Anzacs profile",https://stors.tas.gov.au/WC1917$init=WC1917030805$rotate=-90|http://discoveringanzacs.naa.gov.au/browse/person/147233,Private,https://stors.tas.gov.au/NI/1462539,"son of Mr Robert Dick, Pine Road.","Dick, A.T.",1917,,
"The Weekly Courier: 8 March 1917, p. 24|Discovering Anzacs profile",https://stors.tas.gov.au/WC1917$init=WC1917030805$rotate=-90|http://discoveringanzacs.naa.gov.au/browse/person/147294,Private,https://stors.tas.gov.au/NI/1462540,of Riana.,"Dick, R.W.",1917,,
"The Weekly Courier: 12 October 1916, p. 17",https://stors.tas.gov.au/WC1916$init=WC1916101201$rotate=-90,,https://stors.tas.gov.au/NI/1463580,of Ulverstone.,"Herps, Dick",1916,,
"The Weekly Courier: 11 November 1915, p. 21 .",https://stors.tas.gov.au/WC1915$init=WC1915111103,,https://stors.tas.gov.au/NI/1464079,of Forth.,"Kenny, Dick",1915,,
"The Weekly Courier: 28 October 1915, p. 20",https://stors.tas.gov.au/WC1915$init=WC1915102803,Driver,https://stors.tas.gov.au/NI/1466708,,"Whitford, Dick",1915,,
LSD190/1/1044|Discovering Anzacs profile,https://stors.tas.gov.au/LSD190-1-1044|http://discoveringanzacs.naa.gov.au/browse/person/147233,,https://stors.tas.gov.au/NI/1487777,,"Dick, Arthur Tasman",1920,,1116/S
LSD190/1/1551|Discovering Anzacs profile,https://stors.tas.gov.au/LSD190-1-1551|http://discoveringanzacs.naa.gov.au/browse/person/147284,,https://stors.tas.gov.au/NI/1488358,,"Dick, Leslie Osborne",1921,,1626/O
LSD190/1/1552|Discovering Anzacs profile,https://stors.tas.gov.au/LSD190-1-1552|http://discoveringanzacs.naa.gov.au/browse/person/147237,,https://stors.tas.gov.au/NI/1488359,,"Dick, David",1920,,1627/S
LSD190/1/217|Discovering Anzacs profile,https://stors.tas.gov.au/LSD190-1-217|http://discoveringanzacs.naa.gov.au/browse/person/147294,,https://stors.tas.gov.au/NI/1488797,,"Dick, Roy Walter",1919,,256/S
LSD190/1/218|Discovering Anzacs profile,https://stors.tas.gov.au/LSD190-1-218|http://discoveringanzacs.naa.gov.au/browse/person/147231,,https://stors.tas.gov.au/NI/1488798,,"Dick, Arthur Gordon",1919,,257/S
"The Weekly Courier: 12 August 1915, p. 24|Discovering Anzacs profile",https://stors.tas.gov.au/WC1915$init=WC1915081205$rotate=-90|http://discoveringanzacs.naa.gov.au/browse/person/173321,Private,https://stors.tas.gov.au/NI/1462928,,"Foon, A.E.",1915,,
"The Weekly Courier: 18 November 1915, p. 20|The Weekly Courier: 22 June 1916, p. 19|Discovering Anzacs profile",https://stors.tas.gov.au/WC1915$init=WC1915111803|https://stors.tas.gov.au/WC1916$init=WC1916062202$rotate=-90|http://discoveringanzacs.naa.gov.au/browse/person/169181,Private,https://stors.tas.gov.au/NI/1462929,of Launceston.,"Foot, Harold H.",1915|1916,,
"The Weekly Courier: 7 December 1916, p. 23|Discovering Anzacs profile",https://stors.tas.gov.au/WC1916$init=WC1916120704$rotate=-90|http://discoveringanzacs.naa.gov.au/browse/person/169185,,https://stors.tas.gov.au/NI/1462930,of Launceston. Australian Navy.,"Foot, J.F.",1916,,
"The Tasmanian Mail: News, 28 June 1917, p. 21, col. 3|The Tasmanian Mail: 9 August 1917, p. 23, col. 4|Discovering Anzacs profile",https://stors.tas.gov.au/TASMAIL$init=1299031-6-4-21|https://stors.tas.gov.au/TASMAIL$init=1299031-8-2-23|http://discoveringanzacs.naa.gov.au/browse/person/179799,Major,https://stors.tas.gov.au/NI/1459391,"son of Mr Richard Gee, Launceston.","Gee, R.S.",1917,,
"The Weekly Courier: Personal, 11 February 1926, p. 31, col. 4|The Weekly Courier: 1 October 1914, p. 19|The Weekly Courier: 25 May 1916, p. 22|The Weekly Courier: 28 November 1918, p. 18|The Weekly Courier: 11 February 1926, p. 30|Discovering Anzacs profile",https://stors.tas.gov.au/WEEKLYCOURIER$init=1167625-2-2-31|https://stors.tas.gov.au/WC1914$init=WC1914100102$rotate=-90|https://stors.tas.gov.au/WC1916$init=WC1916052504$rotate=-90|https://stors.tas.gov.au/WC1918$init=WC1918112802$rotate=-90|https://stors.tas.gov.au/WC1926$init=WC1926021105|http://discoveringanzacs.naa.gov.au/browse/person/179799,Major,https://stors.tas.gov.au/NI/1463087,,"Gee, R.S.",1914|1916|1918|1926,,
LSD190/1/840|Discovering Anzacs profile,https://stors.tas.gov.au/LSD190-1-840|http://discoveringanzacs.naa.gov.au/browse/person/175360,,https://stors.tas.gov.au/NI/1489531,,"Gee, Ernest Donovan Temple",1920,,907/S
"The Tasmanian Mail: 7 February 1918, p. 20b|Discovering Anzacs profile",https://stors.tas.gov.au/TASMAIL$init=1305028-2-1-20|http://discoveringanzacs.naa.gov.au/browse/person/203257,Lieutenant,https://stors.tas.gov.au/NI/1459406,,"Gill, W.K.",1918,,
"The Tasmanian Mail: 24 February 1916, p. 23|Discovering Anzacs profile",https://stors.tas.gov.au/TASMAIL$init=1302864-2-4-23|http://discoveringanzacs.naa.gov.au/browse/person/205321,Private,https://stors.tas.gov.au/NI/1459407,,"Gill, Wilfred",1916,,
"The Weekly Courier: 17 February 1916, p. 24|Discovering Anzacs profile",https://stors.tas.gov.au/WC1916$init=WC1916021705$rotate=-90|http://discoveringanzacs.naa.gov.au/browse/person/203153,Driver,https://stors.tas.gov.au/NI/1463121,,"Gill, A.R.",1916,,
"The Weekly Courier: 5 October 1916, p. 24|Discovering Anzacs profile",https://stors.tas.gov.au/WC1916$init=WC1916100505$rotate=-90|http://discoveringanzacs.naa.gov.au/browse/person/203238,Private,https://stors.tas.gov.au/NI/1463122,of Launceston.,"Gill, T.H.",1916,,
"The Weekly Courier: 27 May 1915, p. 24|The Weekly Courier: 22 June 1916, p. 19|Discovering Anzacs profile",https://stors.tas.gov.au/WC1915$init=WC1915052705$rotate=-90|https://stors.tas.gov.au/WC1916$init=WC1916062202$rotate=-90|http://discoveringanzacs.naa.gov.au/browse/person/205331,Corporal,https://stors.tas.gov.au/NI/1463123,of Launceston.,"Gill, W.A.",1915|1916,,
"The Weekly Courier: 21 June 1917, p. 23|Discovering Anzacs profile",https://stors.tas.gov.au/WEEKLYCOURIER$init=1483443-6-3-27|http://discoveringanzacs.naa.gov.au/browse/person/203257,Lieutenant,https://stors.tas.gov.au/NI/1463124,of Queenstown.,"Gill, W.K.",1917,,
LSD190/1/1141|Discovering Anzacs profile,https://stors.tas.gov.au/LSD190-1-1141|http://discoveringanzacs.naa.gov.au/browse/person/203235,,https://stors.tas.gov.au/NI/1487887,,"Gill, Rowland Watson",1920,,1214/S
"The Weekly Courier: 24 January 1918, p. 23|Discovering Anzacs profile",https://stors.tas.gov.au/WC1918$init=WC1918012404|http://discoveringanzacs.naa.gov.au/browse/person/200360,Corporal,https://stors.tas.gov.au/NI/1463183,,"Gore, H.E.",1918,,
"The Weekly Courier: 19 September 1918, p. 18|Discovering Anzacs profile",https://stors.tas.gov.au/WC1918$init=WC1918091902$rotate=-90|http://discoveringanzacs.naa.gov.au/browse/person/200577,Private,https://stors.tas.gov.au/NI/1463184,,"Gore, A.M.",1918,,
"The Weekly Courier: 19 September 1918, p. 18",https://stors.tas.gov.au/WC1918$init=WC1918091902$rotate=-90,Private,https://stors.tas.gov.au/NI/1463185,,"Gore, R.",1918,,
LSD190/1/996|Discovering Anzacs profile,https://stors.tas.gov.au/LSD190-1-996|http://discoveringanzacs.naa.gov.au/browse/person/200373,,https://stors.tas.gov.au/NI/1489711,,"Gore, Robert James",1919,,1064/S
LSD166/1/379|Discovering Anzacs profile,https://stors.tas.gov.au/LSD166-1-379|http://discoveringanzacs.naa.gov.au/browse/person/213550,,https://stors.tas.gov.au/NI/1487541,,"How, Walter Henry Gordon",1922,,459/S
LSD190/1/378|Discovering Anzacs profile,https://stors.tas.gov.au/LSD190-1-378|http://discoveringanzacs.naa.gov.au/browse/person/213308,,https://stors.tas.gov.au/NI/1488981,,"How, Neil Pembroke",1919,,432/S
LSD190/1/378|Discovering Anzacs profile,https://stors.tas.gov.au/LSD190-1-378|http://discoveringanzacs.naa.gov.au/browse/person/213307,,https://stors.tas.gov.au/NI/1488982,,"How, Jack Robert",1919,,432/S
LSD190/1/565|Discovering Anzacs profile,https://stors.tas.gov.au/LSD190-1-565|http://discoveringanzacs.naa.gov.au/browse/person/213551,,https://stors.tas.gov.au/NI/1489204,,"How, Walter John Henry",1919,,629/S
"The Tasmanian Mail: 29 June 1916, p. 17|Discovering Anzacs profile",https://stors.tas.gov.au/TASMAIL$init=1302864-6-5-17|http://discoveringanzacs.naa.gov.au/browse/person/240717,Gunner,https://stors.tas.gov.au/NI/1459904,,"Lay, F.",1916,,
"The Tasmanian Mail: 7 February 1918, p. 20b|Discovering Anzacs profile",https://stors.tas.gov.au/TASMAIL$init=1305028-2-1-20|http://discoveringanzacs.naa.gov.au/browse/person/241457,Second Lieutenant,https://stors.tas.gov.au/NI/1459905,,"Lay, T.A.",1918,,
"The Weekly Courier: 3 June 1915, p. 24|Discovering Anzacs profile",https://stors.tas.gov.au/WC1915$init=WC1915060305$rotate=-90|http://discoveringanzacs.naa.gov.au/browse/person/240712,Sergeant,https://stors.tas.gov.au/NI/1464249,"son of Mr W. Lay, Mole Creek.","Lay, Claude",1915,,
"The Weekly Courier: 1 October 1914, p. 21|The Weekly Courier: 10 June 1915, p. 20|Discovering Anzacs profile",https://stors.tas.gov.au/WC1914$init=WC1914100103$rotate=-90|https://stors.tas.gov.au/WC1915$init=WC1915061003$rotate=-90|http://discoveringanzacs.naa.gov.au/browse/person/241457,Lieutenant,https://stors.tas.gov.au/NI/1464250,of Mole Creek.,"Lay, T.A.",1914|1915,,
"The Weekly Courier: 3 May 1917, p. 24",https://stors.tas.gov.au/WC1917$init=WC1917050305$rotate=-90,Private,https://stors.tas.gov.au/NI/1464264,of Derby.,"Le Bon, Jack",1917,,
"The Weekly Courier: 26 July 1917, p. 23|The Weekly Courier: 7 August 1919, p. 24",https://stors.tas.gov.au/WC1917$init=WC1917072604$rotate=-90|https://stors.tas.gov.au/WC1919$init=WC1919080705$rotate=-90,Lieutenant,https://stors.tas.gov.au/NI/1464293,"M.C., of Latarah, Pyengana.","Le Fevre, Stanley",1917|1919,,
"The Tasmanian Mail: 1 July 1915, p. 22",https://stors.tas.gov.au/TASMAIL$init=1533492-7-1-22,Sergeant,https://stors.tas.gov.au/NI/1459916,of Mole Creek.,"Lee, Given Name Not Recorded",1915,,
"The Tasmanian Mail: 4 January 1917, p. 20b",https://stors.tas.gov.au/TASMAIL$init=1299031-1-1-20,Private,https://stors.tas.gov.au/NI/1459917,,"Lee, H.",1917,,
"The Tasmanian Mail: 5 July 1917, p. 20|Discovering Anzacs profile",https://stors.tas.gov.au/TASMAIL$init=1299031-7-1-20|http://discoveringanzacs.naa.gov.au/browse/person/334187,Private,https://stors.tas.gov.au/NI/1459918,,"Lee, J.B.",1917,,
"The Tasmanian Mail: 23 May 1918, p. 17|The Tasmanian Mail: News, 8 August 1918, p. 34, col. 1|Discovering Anzacs profile",https://stors.tas.gov.au/TASMAIL$init=1305028-5-4-17|https://stors.tas.gov.au/TASMAIL$init=1305028-8-2-34|http://discoveringanzacs.naa.gov.au/browse/person/335276,Lieutenant,https://stors.tas.gov.au/NI/1459919,of Mole Creek. Australian Flying Corps.,"Lee, O.M.",1918,,
"The Weekly Courier: 26 July 1917, p. 24|Discovering Anzacs profile",https://stors.tas.gov.au/WC1917$init=WC1917072605$rotate=-90|http://discoveringanzacs.naa.gov.au/browse/person/334105,Private,https://stors.tas.gov.au/NI/1464265,"son of W.T. Lee, of Launceston.","Lee, A.E.",1917,,
"The Weekly Courier: 7 March 1918, p. 24",https://stors.tas.gov.au/WC1918$init=WC1918030705$rotate=-90,Private,https://stors.tas.gov.au/NI/1464266,"son of Mrs John Lee, Longford.","Lee, C.",1918,,
"The Weekly Courier: 20 September 1917, p. 24",https://stors.tas.gov.au/WC1917$init=WC1917092005$rotate=-90,Private,https://stors.tas.gov.au/NI/1464267,of Longford.,"Lee, Clarrie """"Joe""""",1917,,
"The Weekly Courier: 10 June 1915, p. 20|Discovering Anzacs profile",https://stors.tas.gov.au/WC1915$init=WC1915061003$rotate=-90|http://discoveringanzacs.naa.gov.au/browse/person/338057,Sergeant,https://stors.tas.gov.au/NI/1464268,of Longford.,"Lee, Charles J.",1915,,
"The Weekly Courier: 25 October 1917, p. 23",https://stors.tas.gov.au/WC1917$init=WC1917102504$rotate=-90,Gunner,https://stors.tas.gov.au/NI/1464269,of Lefroy.,"Lee, David Stanford",1917,,
"The Weekly Courier: 7 October 1915, p. 23|Discovering Anzacs profile",https://stors.tas.gov.au/WC1915$init=WC1915100704$rotate=-90|http://discoveringanzacs.naa.gov.au/browse/person/335137,Private,https://stors.tas.gov.au/NI/1464270,nephew of Mrs R. Jarman. Enlisted in New Zealand.,"Lee, D.W.",1915,,
"The Weekly Courier: 29 July 1915, p. 21|The Weekly Courier: 29 July 1915, p. 22",https://stors.tas.gov.au/WC1915$init=WC1915072903$rotate=-90|https://stors.tas.gov.au/WC1915$init=WC1915072904$rotate=-90,Sergeant,https://stors.tas.gov.au/NI/1464271,of Zeehan.,"Lee, Ern.",1915,,
"The Weekly Courier: 29 July 1915, p. 21|The Weekly Courier: 29 July 1915, p. 22|Discovering Anzacs profile",https://stors.tas.gov.au/WC1915$init=WC1915072903$rotate=-90|https://stors.tas.gov.au/WC1915$init=WC1915072904$rotate=-90|http://discoveringanzacs.naa.gov.au/browse/person/335173,Private,https://stors.tas.gov.au/NI/1464272,of Zeehan.,"Lee, George",1915,,
"The Weekly Courier: 7 December 1916, p. 24|Discovering Anzacs profile",https://stors.tas.gov.au/WC1916$init=WC1916120705$rotate=-90|http://discoveringanzacs.naa.gov.au/browse/person/336119,Lance Corporal,https://stors.tas.gov.au/NI/1464273,of Cressy.,"Lee, Eric",1916,,
"The Weekly Courier: 12 April 1917, p. 24",https://stors.tas.gov.au/WC1917$init=WC1917041205$rotate=-90,Private,https://stors.tas.gov.au/NI/1464274,"of Leighlands, Meander.","Lee, E. Keith",1917,,
"The Weekly Courier: 20 April 1916, p. 23",https://stors.tas.gov.au/WC1916$init=WC1916042004$rotate=-90,Private,https://stors.tas.gov.au/NI/1464275,of Frankford.,"Lee, Fred J.",1916,,
"The Weekly Courier: 14 December 1916, p. 24|Discovering Anzacs profile",https://stors.tas.gov.au/WC1916$init=WC1916121405$rotate=-90|http://discoveringanzacs.naa.gov.au/browse/person/335150,Private,https://stors.tas.gov.au/NI/1464276,of Bradshaws Creek.,"Lee, F.C.",1916,,
"The Weekly Courier: 3 February 1916, p. 24|The Weekly Courier: 9 August 1917, p. 23",https://stors.tas.gov.au/WC1916$init=WC1916020305$rotate=-90|https://stors.tas.gov.au/WC1917$init=WC1917080904$rotate=-90,Private,https://stors.tas.gov.au/NI/1464277,"son of J.A. Lee, Caveside.","Lee, Fred. G.",1916|1917,,
"The Weekly Courier: 23 November 1916, p. 24|Discovering Anzacs profile",https://stors.tas.gov.au/WC1916$init=WC1916112305$rotate=-90|http://discoveringanzacs.naa.gov.au/browse/person/336127,Private,https://stors.tas.gov.au/NI/1464278,"of Balfour Street, Launceston.","Lee, H.G.",1916,,
"The Weekly Courier: 20 January 1916, p. 24",https://stors.tas.gov.au/WC1916$init=WC1916012005$rotate=-90,Sapper,https://stors.tas.gov.au/NI/1464279,of Bangor.,"Lee, J.",1916,,
"The Weekly Courier: 13 September 1917, p. 22",https://stors.tas.gov.au/WC1917$init=WC1917091304$rotate=-90,Private,https://stors.tas.gov.au/NI/1464280,of Myalla.,"Lee, J.",1917,,
"The Weekly Courier: 20 April 1916, p. 23|The Weekly Courier: 23 August 1917, p. 23|Discovering Anzacs profile",https://stors.tas.gov.au/WC1916$init=WC1916042004$rotate=-90|https://stors.tas.gov.au/WC1917$init=WC1917082304$rotate=-90|http://discoveringanzacs.naa.gov.au/browse/person/335187,Private,https://stors.tas.gov.au/NI/1464281,of Frankford.,"Lee, John Orwood",1916|1917,,
"The Weekly Courier: 5 April 1917, p. 24|Discovering Anzacs profile",https://stors.tas.gov.au/WC1917$init=WC1917040505$rotate=-90|http://discoveringanzacs.naa.gov.au/browse/person/335239,Private,https://stors.tas.gov.au/NI/1464282,"of Leighlands, Meander.","Lee, Louis",1917,,
"The Weekly Courier: 15 February 1917, p. 24|Discovering Anzacs profile",https://stors.tas.gov.au/WC1917$init=WC1917021505$rotate=-90|http://discoveringanzacs.naa.gov.au/browse/person/335240,Private,https://stors.tas.gov.au/NI/1464283,of Central Castra.,"Lee, Malcolm R.",1917,,
"The Weekly Courier: 1 April 1915, p. 21|The Weekly Courier: 22 July 1915, p. 24|The Weekly Courier: 23 May 1918, p. 19|Discovering Anzacs profile",https://stors.tas.gov.au/WC1915$init=WC1915040103$rotate=-90|https://stors.tas.gov.au/WC1915$init=WC1915072205$rotate=-90|https://stors.tas.gov.au/WC1918$init=WC1918052302|http://discoveringanzacs.naa.gov.au/browse/person/335276,Lieutenant,https://stors.tas.gov.au/NI/1464284,of Chudleigh. A.F.C.,"Lee, O.M.",1915|1918,,
"The Weekly Courier: 22 August 1918, p. 24",https://stors.tas.gov.au/WC1918$init=WC1918082205$rotate=-90,,https://stors.tas.gov.au/NI/1464285,of N.W. Tasmania.,"Lee, Roy",1918,,
"The Weekly Courier: 22 February 1917, p. 24|Discovering Anzacs profile",https://stors.tas.gov.au/WC1917$init=WC1917022205$rotate=-90|http://discoveringanzacs.naa.gov.au/browse/person/338202,Private,https://stors.tas.gov.au/NI/1464286,of lnveresk.,"Lee, Roy E.",1917,,
"The Weekly Courier: 24 August 1916, p. 23|The Weekly Courier: 25 October 1917, p. 23|Discovering Anzacs profile",https://stors.tas.gov.au/WC1916$init=WC1916082404$rotate=-90|https://stors.tas.gov.au/WC1917$init=WC1917102504$rotate=-90|http://discoveringanzacs.naa.gov.au/browse/person/334310,Sapper,https://stors.tas.gov.au/NI/1464287,of Bangor.,"Lee, T.L.",1916|1917,,
"The Weekly Courier: 9 September 1915, p. 24",https://stors.tas.gov.au/WC1915$init=WC1915090905$rotate=-90,Corporal,https://stors.tas.gov.au/NI/1464288,of Launceston.,"Lee, W.",1915,,
"The Weekly Courier: 9 September 1915, p. 24",https://stors.tas.gov.au/WC1915$init=WC1915090905$rotate=-90,Private,https://stors.tas.gov.au/NI/1464289,of Launceston.,"Lee, W.",1915,,
"The Weekly Courier: 8 November 1917, p. 24",https://stors.tas.gov.au/WC1917$init=WC1917110805$rotate=-90,Private,https://stors.tas.gov.au/NI/1466053,of Penguin.,"Spinks, C. Lee",1917,,
LSD190/1/1049,https://stors.tas.gov.au/LSD190-1-1049,,https://stors.tas.gov.au/NI/1487782,,"Lee, Malcolm Rowland",1920,,1121/S
LSD190/1/1094|Discovering Anzacs profile,https://stors.tas.gov.au/LSD190-1-1094|http://discoveringanzacs.naa.gov.au/browse/person/336107,,https://stors.tas.gov.au/NI/1487832,,"Lee, Edward James",1920,,1167/S
LSD190/1/1434,https://stors.tas.gov.au/LSD190-1-1434,,https://stors.tas.gov.au/NI/1488221,,"Lee, Reginald William Jas",1920,,1508/O
"The Weekly Courier: 5 July 1917, p. 24",https://stors.tas.gov.au/WC1917$init=WC1917070505$rotate=-90,Sapper,https://stors.tas.gov.au/NI/1461438,of Zeehan.,"Bennett, Len A.",1917,,
"The Weekly Courier: 30 November 1916, p. 24",https://stors.tas.gov.au/WC1916$init=WC1916113005$rotate=-90,Signaller,https://stors.tas.gov.au/NI/1461480,of Scottsdale.,"Biggs, Len",1916,,
"The Weekly Courier: 20 December 1917, p. 24",https://stors.tas.gov.au/WC1917$init=WC1917122005$rotate=-90,Private,https://stors.tas.gov.au/NI/1461937,of Smithton.,"Casey, Len",1917,,
"The Weekly Courier: 8 July 1915, p. 24|The Weekly Courier: 7 October 1915, p. 24",https://stors.tas.gov.au/WC1915$init=WC1915070805$rotate=-90|https://stors.tas.gov.au/WC1915$init=WC1915100705$rotate=-90,,https://stors.tas.gov.au/NI/1462693,of Beaconsfield. Enlisted in Victoria.,"Edmunds, Len H.",1915,,
"The Weekly Courier: 14 October 1915, p. 24|The Weekly Courier: 24 February 1916, p. 23",https://stors.tas.gov.au/WC1915$init=WC1915101405$rotate=-90|https://stors.tas.gov.au/WC1916$init=WC1916022404$rotate=-90,Private,https://stors.tas.gov.au/NI/1463071,of Black Sugar Loaf.,"Garwood, Len",1915|1916,,
"The Weekly Courier: 3 October 1918, p. 23",https://stors.tas.gov.au/WC1918$init=WC1918100304,Gunner,https://stors.tas.gov.au/NI/1463507,of Launceston.,"Hay, Len P.",1918,,
"The Weekly Courier: 16 March 1916, p. 23",https://stors.tas.gov.au/WC1916$init=WC1916031604,Private,https://stors.tas.gov.au/NI/1464123,of South Mount Cameron.,"Kimberley, Len",1916,,
"The Weekly Courier: 13 April 1916, p. 23",https://stors.tas.gov.au/WC1916$init=WC1916041304,Private,https://stors.tas.gov.au/NI/1464410,Hobart footballer.,"Lovett, Len F.",1916,,
"The Weekly Courier: 13 April 1916, p. 23",https://stors.tas.gov.au/WC1916$init=WC1916041304,,https://stors.tas.gov.au/NI/1465357,a Hobart footballer.,"Powell, Len",1916,,
"The Weekly Courier: 10 August 1916, p. 19|The Weekly Courier: 5 July 1917, p. 23|The Weekly Courier: 20 December 1917, p. 23",https://stors.tas.gov.au/WC1916$init=WC1916081002$rotate=-90|https://stors.tas.gov.au/WC1917$init=WC1917070504$rotate=-90|https://stors.tas.gov.au/WC1917$init=WC1917122004$rotate=-90,Lance Corporal,https://stors.tas.gov.au/NI/1465856,of Avoca.,"Shelton, Len C.",1916|1917,,
"The Weekly Courier: 2 December 1915, p. 24",https://stors.tas.gov.au/WC1915$init=WC1915120205$rotate=-90,Private,https://stors.tas.gov.au/NI/1465991,"son of Mr W. Smith, of Devonport.","Smith, Len",1915,,
"The Weekly Courier: 7 November 1918, p. 24",https://stors.tas.gov.au/WC1918$init=WC1918110705$rotate=-90,Trooper,https://stors.tas.gov.au/NI/1466734,of Marrawah.,"Wigg, Len",1918,,
"The Weekly Courier: 7 December 1916, p. 24|The Weekly Courier: 7 March 1918, p. 24|Discovering Anzacs profile",https://stors.tas.gov.au/WC1916$init=WC1916120705$rotate=-90|https://stors.tas.gov.au/WC1918$init=WC1918030705$rotate=-90|http://discoveringanzacs.naa.gov.au/browse/person/334890,Private,https://stors.tas.gov.au/NI/1464339,"of Pine Road, Penguin.","Ling, Curtis",1916|1918,,
"The Weekly Courier: 7 December 1916, p. 24|The Weekly Courier: 7 March 1918, p. 24|Discovering Anzacs profile",https://stors.tas.gov.au/WC1916$init=WC1916120705$rotate=-90|https://stors.tas.gov.au/WC1918$init=WC1918030705$rotate=-90|http://discoveringanzacs.naa.gov.au/browse/person/185048,Private,https://stors.tas.gov.au/NI/1464340,"of Pine Road, Penguin.","Ling, Henry",1916|1918,,
"The Weekly Courier: 15 March 1917, p. 23|Discovering Anzacs profile",https://stors.tas.gov.au/WC1917$init=WC1917031504$rotate=-90|http://discoveringanzacs.naa.gov.au/browse/person/334905,Private,https://stors.tas.gov.au/NI/1464341,of Yolla.,"Ling, L.",1917,,
LSD166/1/394|Discovering Anzacs profile,https://stors.tas.gov.au/LSD166-1-394|http://discoveringanzacs.naa.gov.au/browse/person/334909,,https://stors.tas.gov.au/NI/1487558,,"Ling, William James",1922,,476/S
LSD190/1/1461|Discovering Anzacs profile,https://stors.tas.gov.au/LSD190-1-1461|http://discoveringanzacs.naa.gov.au/browse/person/334890,,https://stors.tas.gov.au/NI/1488253,,"Ling, Curtis Russell",1920,,1535/S
LSD190/1/1462|Discovering Anzacs profile,https://stors.tas.gov.au/LSD190-1-1462|http://discoveringanzacs.naa.gov.au/browse/person/334889,,https://stors.tas.gov.au/NI/1488254,,"Ling, Clarence Henry",1919,,1536/S
LSD190/1/337|Discovering Anzacs profile,https://stors.tas.gov.au/LSD190-1-337|http://discoveringanzacs.naa.gov.au/browse/person/334908,,https://stors.tas.gov.au/NI/1488935,,"Ling, Wilfred George",1919,,390/S
"The Tasmanian Mail: 28 December 1916, p. 18|Discovering Anzacs profile",https://stors.tas.gov.au/TASMAIL$init=1302864-12-4-18|http://discoveringanzacs.naa.gov.au/browse/person/339531,Private,https://stors.tas.gov.au/NI/1459959,,"Long, G.H.",1916,,
"The Tasmanian Mail: 1 February 1917, p. 19",https://stors.tas.gov.au/TASMAIL$init=1299031-2-1-37-2,Corporal,https://stors.tas.gov.au/NI/1459960,of New Town.,"Long, H.",1917,,
"The Tasmanian Mail: 27 January 1916, p. 23",https://stors.tas.gov.au/TASMAIL$init=1302864-1-4-23,Private,https://stors.tas.gov.au/NI/1459961,,"Long, M.",1916,,
"The Tasmanian Mail: 16 December 1915, p. 22|Discovering Anzacs profile",https://stors.tas.gov.au/TASMAIL$init=1533492-12-3-22|http://discoveringanzacs.naa.gov.au/browse/person/339682,Driver,https://stors.tas.gov.au/NI/1459962,,"Long, R.",1915,,
"The Tasmanian Mail: 25 February 1915, p. 23|Discovering Anzacs profile",https://stors.tas.gov.au/TASMAIL$init=1533492-5-3-19|http://discoveringanzacs.naa.gov.au/browse/person/339696,Driver,https://stors.tas.gov.au/NI/1459963,of Hobart.,"Long, T.P.",1915,,
"The Tasmanian Mail: 29 April 1915, p. 19",https://stors.tas.gov.au/TASMAIL$init=1533492-4-5-19,Nurse,https://stors.tas.gov.au/NI/1461062,7th Field Ambulance.,"Long, Given Name Not Recorded",1915,,
"The Weekly Courier: 18 December 1919, p. 19, col. 2-3",https://stors.tas.gov.au/WEEKLYCOURIER$init=1113582-12-3-27,Lieutenant,https://stors.tas.gov.au/NI/1464387,"son of Mr T. Long, of Torwood.","Long, Given Name Not Recorded",1919,,
"The Weekly Courier: 11 January 1917, p. 23|Discovering Anzacs profile",https://stors.tas.gov.au/WC1917$init=WC1917011104$rotate=-90|http://discoveringanzacs.naa.gov.au/browse/person/339531,Private,https://stors.tas.gov.au/NI/1464388,of Dunalley.,"Long, George Henry",1917,,
"The Weekly Courier: 1 February 1917, p. 22",https://stors.tas.gov.au/WC1917$init=WC1917020104$rotate=-90,Corporal,https://stors.tas.gov.au/NI/1464389,of Hobart.,"Long, H.",1917,,
"The Weekly Courier: 20 January 1916, p. 21|Discovering Anzacs profile",https://stors.tas.gov.au/WC1916$init=WC1916012003$rotate=-90|http://discoveringanzacs.naa.gov.au/browse/person/339535,Private,https://stors.tas.gov.au/NI/1464390,of Perth.,"Long, G.J.",1916,,
"The Weekly Courier: 19 August 1915, p. 24.",https://stors.tas.gov.au/WC1915$init=WC1915081905$rotate=-90,Private,https://stors.tas.gov.au/NI/1464391,,"Long, J.",1915,,
"The Weekly Courier: 13 July 1916, p. 22",https://stors.tas.gov.au/WC1916$init=WC1916071304,Private,https://stors.tas.gov.au/NI/1464392,,"Long, Jack.",1916,,
"The Weekly Courier: 10 May 1917, p. 24",https://stors.tas.gov.au/WC1917$init=WC1917051005$rotate=-90,Sapper,https://stors.tas.gov.au/NI/1464393,eldest son of Mrs T. Summers of Mathinna.,"Long, J.J.",1917,,
"The Weekly Courier: 2 August 1917, p. 24|The Weekly Courier: 14 February 1918, p. 24|Discovering Anzacs profile",https://stors.tas.gov.au/WC1917$init=WC1917080205$rotate=-90|https://stors.tas.gov.au/WC1918$init=WC1918021405$rotate=-90|http://discoveringanzacs.naa.gov.au/browse/person/340131,Trooper,https://stors.tas.gov.au/NI/1464394,of Huonville.,"Long, Leslie H.",1917|1918,,
"The Weekly Courier: 14 October 1915, p. 24|The Weekly Courier: 20 December 1917, p. 23",https://stors.tas.gov.au/WC1915$init=WC1915101405$rotate=-90|https://stors.tas.gov.au/WC1917$init=WC1917122004$rotate=-90,Private,https://stors.tas.gov.au/NI/1464395,"Leslie Wilfred, of Symmons Plains.","Long, Given Name Not Recorded",1915|1917,,
"The Weekly Courier: 10 February 1916, p. 23",https://stors.tas.gov.au/WC1916$init=WC1916021004$rotate=-90,,https://stors.tas.gov.au/NI/1464396,son of Senator J. Long.,"Long, Monty",1916,,
"The Weekly Courier: 29 April 1915, p. 17",https://stors.tas.gov.au/WC1915$init=WC1915042901$rotate=-90,Nurse,https://stors.tas.gov.au/NI/1467016,7th Field Ambulance.,"Long, Given Name Not Recorded",1915,,
LSD190/1/1270|Discovering Anzacs profile,https://stors.tas.gov.au/LSD190-1-1270|http://discoveringanzacs.naa.gov.au/browse/person/340131,,https://stors.tas.gov.au/NI/1488034,,"Long, Leslie Harold",1921,,1342/O
LSD190/1/666|Discovering Anzacs profile,https://stors.tas.gov.au/LSD190-1-666|http://discoveringanzacs.naa.gov.au/browse/person/339502,,https://stors.tas.gov.au/NI/1489323,,"Long, Albert",1920,,729/S
LSD190/1/723|Discovering Anzacs profile,https://stors.tas.gov.au/LSD190-1-723|http://discoveringanzacs.naa.gov.au/browse/person/320597,,https://stors.tas.gov.au/NI/1489392,,"Snodgrass, James Long",1920,,789/S
"The Weekly Courier: Personal, 15 November 1917, p. 14, col. 5|The Weekly Courier: Personal, 15 November 1917, p. 35, col. 5|The Weekly Courier: 7 February 1918, p. 24|Discovering Anzacs profile",https://stors.tas.gov.au/WEEKLYCOURIER$init=1483443-11-3-18|https://stors.tas.gov.au/WEEKLYCOURIER$init=1483443-11-3-39|https://stors.tas.gov.au/WC1918$init=WC1918020705$rotate=-90|http://discoveringanzacs.naa.gov.au/browse/person/343131,Gunner,https://stors.tas.gov.au/NI/1464413,"grandson of Mrs A. Towsey, Devonport. Enlisted in Victoria. K.I.A. 22/10/17.","Low, Stanley C.",1917|1918,,
"The Weekly Courier: 22 August 1918, p. 24",https://stors.tas.gov.au/WC1918$init=WC1918082205$rotate=-90,Private,https://stors.tas.gov.au/NI/1461603,of Springfield.,"Boyd, Mac",1918,,
LSD190/1/1688|Discovering Anzacs profile,https://stors.tas.gov.au/LSD190-1-1688|http://discoveringanzacs.naa.gov.au/browse/person/99500,,https://stors.tas.gov.au/NI/1488518,,"Brett, John Mac",1922,,1767/O
"The Weekly Courier: 4 March 1915, p. 20|Discovering Anzacs profile",https://stors.tas.gov.au/WC1915$init=WC1915030403$rotate=-90|http://discoveringanzacs.naa.gov.au/browse/person/249038,Lieutenant,https://stors.tas.gov.au/NI/1464852,,"Moon, G.E.H.",1915,,
LSD190/1/665|Discovering Anzacs profile,https://stors.tas.gov.au/LSD190-1-665|http://discoveringanzacs.naa.gov.au/browse/person/251104,,https://stors.tas.gov.au/NI/1489322,,"Moon, Walter Alexander",1920,,728/S
"The Tasmanian Mail: News, 2 March 1916, p. 32, col. 3|The Tasmanian Mail: 27 July 1916, p. 18|Discovering Anzacs profile",https://stors.tas.gov.au/TASMAIL$init=1302864-3-1-32|https://stors.tas.gov.au/TASMAIL$init=1302864-7-4-18|http://discoveringanzacs.naa.gov.au/browse/person/248276,Driver,https://stors.tas.gov.au/NI/1460197,son of Mr T.A. Moy.,"Moy, A.",1916,,
"The Weekly Courier: 7 September 1916, p. 24|Discovering Anzacs profile",https://stors.tas.gov.au/WEEKLYCOURIER$init=1480821-9-1-28|http://discoveringanzacs.naa.gov.au/browse/person/248276,Driver,https://stors.tas.gov.au/NI/1464916,of New Town.,"Moy, A.T.",1916,,
"The Tasmanian Mail: Obituary, 5 October 1916, p. 22, col. 1|The Tasmanian Mail: 5 October 1916, p. 20",https://stors.tas.gov.au/TASMAIL$init=1302864-10-1-22|https://stors.tas.gov.au/TASMAIL$init=1302864-10-1-20,Private,https://stors.tas.gov.au/NI/1459674,"son of Mr E. Howard, Bellerive.","Howard, Edward John """"Pat""""",1916,,
"The Weekly Courier: 1 July 1915, p. 24|Discovering Anzacs profile",https://stors.tas.gov.au/WC1915$init=WC1915070105$rotate=-90|http://discoveringanzacs.naa.gov.au/browse/person/150212,,https://stors.tas.gov.au/NI/1462583,,"Donnellan, Pat",1915,,
"The Weekly Courier: 5 August 1915, p. 19",https://stors.tas.gov.au/WC1915$init=WC1915080502$rotate=-90,,https://stors.tas.gov.au/NI/1462593,of Beaconsfield.,"Dougherty, Alex """"Pat""""",1915,,
"The Weekly Courier: 12 August 1915, p. 24",https://stors.tas.gov.au/WC1915$init=WC1915081205$rotate=-90,Private,https://stors.tas.gov.au/NI/1464224,of Boat Harbour.,"Last, Pat",1915,,
"The Weekly Courier: 3 June 1915, p. 23",https://stors.tas.gov.au/WC1915$init=WC1915060304$rotate=-90,Private,https://stors.tas.gov.au/NI/1465181,"of Grove, Huon. Enlisted in New Zealand.","Parsons, Cyril """"Pat""""",1915,,
"The Weekly Courier: 19 August 1915, p. 24|The Weekly Courier: 6 January 1916, p. 22",https://stors.tas.gov.au/WC1915$init=WC1915081905$rotate=-90|https://stors.tas.gov.au/WC1916$init=WC1916010604,Private,https://stors.tas.gov.au/NI/1465744,of Rocherlea.,"Saunders, H.F. """"Pat""""",1915|1916,,
"The Weekly Courier: 6 September 1917, p. 24|Discovering Anzacs profile",https://stors.tas.gov.au/WC1917$init=WC1917090605$rotate=-90|http://discoveringanzacs.naa.gov.au/browse/person/277778,Private,https://stors.tas.gov.au/NI/1465312,of Launceston.,"Ping, Eric Henry",1917,,
LSD190/1/826,https://stors.tas.gov.au/LSD190-1-826,,https://stors.tas.gov.au/NI/1489513,,"Quin, Donald Guy",1920,,893/O
"The Weekly Courier: 8 June 1916, p. 24",https://stors.tas.gov.au/WC1916$init=WC1916060805$rotate=-90,,https://stors.tas.gov.au/NI/1462861,"of St John Street, Launceston.","Findlay, Sam",1916,,
"The Weekly Courier: 10 May 1917, p. 22|Discovering Anzacs profile",https://stors.tas.gov.au/WC1917$init=WC1917051004|http://discoveringanzacs.naa.gov.au/browse/person/334981,Private,https://stors.tas.gov.au/NI/1464350,of Hobart.,"Linton, Sam",1917,,
"The Weekly Courier: 28 October 1915, p. 24",https://stors.tas.gov.au/WC1915$init=WC1915102805$rotate=-90,Private,https://stors.tas.gov.au/NI/1464488,of Mathinna.,"McCullam, Sam",1915,,
"The Weekly Courier: 13 April 1916, p. 23",https://stors.tas.gov.au/WC1916$init=WC1916041304,Private,https://stors.tas.gov.au/NI/1464686,of Westbury.,"Marshman, Sam. E.",1916,,
"The Weekly Courier: 7 December 1916, p. 23|Discovering Anzacs profile",https://stors.tas.gov.au/WC1916$init=WC1916120704$rotate=-90|http://discoveringanzacs.naa.gov.au/browse/person/318509,Private,https://stors.tas.gov.au/NI/1465895,"of York Street, Launceston.","Sing, George",1916,,
"The Weekly Courier: 29 July 1915, p. 24|The Weekly Courier: 1 March 1917, p. 23|The Weekly Courier: 7 November 1918, p. 24",https://stors.tas.gov.au/WC1915$init=WC1915072905$rotate=-90|https://stors.tas.gov.au/WC1917$init=WC1917030104|https://stors.tas.gov.au/WC1918$init=WC1918110705$rotate=-90,Private,https://stors.tas.gov.au/NI/1465896,of lnvermay.,"Sing, Nelson J.",1915|1917|1918,,
"The Tasmanian Mail: 12 September 1918, p. 19|The Tasmanian Mail: Roll of Honour, 26 September 1918, p. 23",https://stors.tas.gov.au/TASMAIL$init=1305028-9-2-19|https://stors.tas.gov.au/TASMAIL$init=1305028-9-4-23,Private,https://stors.tas.gov.au/NI/1460737,"died 12 August 1918. Formerly of Schooner Cecilia Sudden, Hobart. From Denmark.","Tang, Einar Oluf",1918,,
"The Tasmanian Mail: 15 November 1917, p. 17|Discovering Anzacs profile",https://stors.tas.gov.au/TASMAIL$init=1299031-11-3-17|http://discoveringanzacs.naa.gov.au/browse/person/361302,Private,https://stors.tas.gov.au/NI/1460752,,"Tew, C.",1917,,
"The Tasmanian Mail: 19 July 1917, p. 19|The Tasmanian Mail: News, 18 April 1918, p. 4, col. 2",https://stors.tas.gov.au/TASMAIL$init=1299031-7-3-19|https://stors.tas.gov.au/TASMAIL$init=1305028-4-3-4,Private,https://stors.tas.gov.au/NI/1458885,"son of Mr James Byers, of Tunnack.","Byers, Tom",1917|1918,,
"The Weekly Courier: 7 December 1916, p. 24|The Weekly Courier: 5 September 1918, p. 24",https://stors.tas.gov.au/WC1916$init=WC1916120705$rotate=-90|https://stors.tas.gov.au/WC1918$init=WC1918090505$rotate=-90,Lance Corporal,https://stors.tas.gov.au/NI/1461117,of Somerset.,"Alexander, Mont. R. """"Tom""""",1916|1918,,
"The Weekly Courier: 15 June 1916, p. 24|The Weekly Courier: 9 August 1917, p. 24",https://stors.tas.gov.au/WC1916$init=WC1916061505$rotate=-90|https://stors.tas.gov.au/WC1917$init=WC1917080905$rotate=-90,Gunner,https://stors.tas.gov.au/NI/1461234,of Cygnet.,"Ayton, Tom",1916|1917,,
"The Weekly Courier: 27 July 1916, p. 23|Discovering Anzacs profile",https://stors.tas.gov.au/WC1916$init=WC1916072704|http://discoveringanzacs.naa.gov.au/browse/person/63922,,https://stors.tas.gov.au/NI/1461263,"of Elizabeth Street, Launceston.","Baker, Tom",1916,,
"The Weekly Courier: 7 June 1917, p. 23",https://stors.tas.gov.au/WC1917$init=WC1917060705$rotate=-90,Private,https://stors.tas.gov.au/NI/1461949,of Queenstown.,"Caville, Tom",1917,,
"The Weekly Courier: 10 December 1914, p. 19",https://stors.tas.gov.au/WC1914$init=WC1914121002$rotate=-90,Private,https://stors.tas.gov.au/NI/1462133,,"Collings, Tom",1914,,
"The Weekly Courier: 29 March 1917, p. 18",https://stors.tas.gov.au/WC1917$init=WC1917032902,Private,https://stors.tas.gov.au/NI/1462368,of Launceston.,"Cute, Tom J.",1917,,
"The Weekly Courier: 27 May 1915, p. 24|The Weekly Courier: 29 June 1916, p. 18",https://stors.tas.gov.au/WC1915$init=WC1915052705$rotate=-90|https://stors.tas.gov.au/WC1916$init=WC1916062902$rotate=-90,Private,https://stors.tas.gov.au/NI/1462653,of Preston.,"Dunham, Tom",1915|1916,,
"The Weekly Courier: 13 January 1916, p. 24|Discovering Anzacs profile",https://stors.tas.gov.au/WC1916$init=WC1916011305$rotate=-90|http://discoveringanzacs.naa.gov.au/browse/person/33463,,https://stors.tas.gov.au/NI/1462718,of Elizabeth Town.,"Edwards, Tom",1916,,
"The Weekly Courier: 28 October 1915, p. 20",https://stors.tas.gov.au/WC1915$init=WC1915102803,Gunner,https://stors.tas.gov.au/NI/1463382,,"Hancock, Tom.",1915,,
"The Weekly Courier: 11 November 1915, p. 19|Discovering Anzacs profile",https://stors.tas.gov.au/WC1915$init=WC1915111102|http://discoveringanzacs.naa.gov.au/browse/person/217015,Driver,https://stors.tas.gov.au/NI/1463723,of Sheffield.,"Hope, Tom",1915,,
"The Weekly Courier: 18 November 1915, p. 24",https://stors.tas.gov.au/WC1915$init=WC1915111805$rotate=-90,Private,https://stors.tas.gov.au/NI/1463817,of Launceston.,"Humphries, Tom",1915,,
"The Weekly Courier: 22 June 1916, p. 23",https://stors.tas.gov.au/WC1916$init=WC1916062204,Private,https://stors.tas.gov.au/NI/1464202,of Weldborough.,"Lambert, Tom",1916,,
"The Weekly Courier: 5 October 1916, p. 24",https://stors.tas.gov.au/WC1916$init=WC1916100505$rotate=-90,Private,https://stors.tas.gov.au/NI/1464297,of Queenstown.,"Lello, Tom H.",1916,,
"The Weekly Courier: 20 May 1915, p. 24|The Weekly Courier: 1 August 1918, p. 24",https://stors.tas.gov.au/WC1915$init=WC1915052005$rotate=-90|https://stors.tas.gov.au/WC1918$init=WC1918080105$rotate=-90,Driver,https://stors.tas.gov.au/NI/1464528,,"McGrath, Tom",1915|1918,,
"The Weekly Courier: 18 January 1917, p. 23|The Weekly Courier: 15 March 1917, p. 24|The Weekly Courier: 10 May 1917, p. 24|The Weekly Courier: 13 December 1917, p. 24",https://stors.tas.gov.au/WC1917$init=WC1917011804$rotate=-90|https://stors.tas.gov.au/WC1917$init=WC1917031505$rotate=-90|https://stors.tas.gov.au/WC1917$init=WC1917051005$rotate=-90|https://stors.tas.gov.au/WC1917$init=WC1917121305$rotate=-90,Private,https://stors.tas.gov.au/NI/1464529,,"McGree, Tom M.",1917,,
"The Weekly Courier: 4 October 1917, p. 23",https://stors.tas.gov.au/WC1917$init=WC1917100404$rotate=-90,Corporal,https://stors.tas.gov.au/NI/1464839,,"Monks, Tom J.",1917,,
"The Weekly Courier: 10 May 1917, p. 23",https://stors.tas.gov.au/WC1917$init=WC1917051004$rotate=-90,Gunner,https://stors.tas.gov.au/NI/1464870,of Smithton.,"Moore, Tom",1917,,
"The Weekly Courier: 28 March 1918, p. 24",https://stors.tas.gov.au/WC1918$init=WC1918032805$rotate=-90,Private,https://stors.tas.gov.au/NI/1465361,of Whitefoord.,"Powell, Tom",1918,,
"The Weekly Courier: 12 October 1916, p. 23|Discovering Anzacs profile",https://stors.tas.gov.au/WC1916$init=WC1916101204$rotate=-90|http://discoveringanzacs.naa.gov.au/browse/person/313604,Sapper,https://stors.tas.gov.au/NI/1465844,of Queenstown.,"Shaw, Tom",1916,,
"The Weekly Courier: 5 October 1916, p. 24|Discovering Anzacs profile",https://stors.tas.gov.au/WC1916$init=WC1916100505$rotate=-90|http://discoveringanzacs.naa.gov.au/browse/person/375826,Signaller,https://stors.tas.gov.au/NI/1466151,of Lemana Junction.,"Stone, Tom",1916,,
"The Weekly Courier: 21 December 1916, p. 23|The Weekly Courier: 24 January 1918, p. 24|Discovering Anzacs profile",https://stors.tas.gov.au/WC1916$init=WC1916122104$rotate=-90|https://stors.tas.gov.au/WC1918$init=WC1918012405$rotate=-90|http://discoveringanzacs.naa.gov.au/browse/person/361273,Private,https://stors.tas.gov.au/NI/1466300,son of Mr J.V. Terry of Gladstone.,"Terry, Tom",1916|1918,,
"The Weekly Courier: 13 July 1916, p. 24|The Weekly Courier: 5 July 1917, p. 24|The Weekly Courier: 25 October 1917, p. 24",https://stors.tas.gov.au/WC1916$init=WC1916071305$rotate=-90|https://stors.tas.gov.au/WC1917$init=WC1917070505$rotate=-90|https://stors.tas.gov.au/WC1917$init=WC1917102505$rotate=-90,Company Sergeant Major,https://stors.tas.gov.au/NI/1466457,"son of Mrs John Turner of Winton, Campbell Town. Enlisted In Queensland.","Turner, Tom",1916|1917,,
"The Weekly Courier: 21 June 1917, p. 23|The Weekly Courier: 10 May 1917, p. 24|The Weekly Courier: 6 December 1917, p. 23",https://stors.tas.gov.au/WEEKLYCOURIER$init=1483443-6-3-27|https://stors.tas.gov.au/WC1917$init=WC1917051005$rotate=-90|https://stors.tas.gov.au/WC1917$init=WC1917120604$rotate=-90,Private,https://stors.tas.gov.au/NI/1466466,"son of Mr T. Tuttle, Victoria Street, Glenorchy.","Tuttle, John T. """"Tom""""",1917,,
"The Weekly Courier: 9 January 1919, p. 24|The Weekly Courier: 13 April 1916, p. 22",https://stors.tas.gov.au/WEEKLYCOURIER$init=1113582-1-3-28|https://stors.tas.gov.au/WC1916$init=WC1916041304$rotate=-90,Sapper,https://stors.tas.gov.au/NI/1466494,of Wilmot.,"Vernon, Tom A.",1916|1919,,
"The Weekly Courier: 14 December 1916, p. 24",https://stors.tas.gov.au/WC1916$init=WC1916121405$rotate=-90,Private,https://stors.tas.gov.au/NI/1466641,of Burnie.,"Weeks, M. """"Tom""""",1916,,
"The Weekly Courier: 30 March 1916, p. 24|Discovering Anzacs profile",https://stors.tas.gov.au/WC1916$init=WC1916033005$rotate=-90|http://discoveringanzacs.naa.gov.au/browse/person/133868,Private,https://stors.tas.gov.au/NI/1466952,of Abbottsham.,"Wright, Tom",1916,,
LSD190/1/1491|Discovering Anzacs profile,https://stors.tas.gov.au/LSD190-1-1491|http://discoveringanzacs.naa.gov.au/browse/person/296299,,https://stors.tas.gov.au/NI/1488289,,"Roberts, Tom Osborne",1919,,1565/S
LSD190/1/1614,https://stors.tas.gov.au/LSD190-1-1614,,https://stors.tas.gov.au/NI/1488432,,"Shires, Tom C",1920,,1689/O
"The Tasmanian Mail: 25 July 1918, p. 18|Discovering Anzacs profile",https://stors.tas.gov.au/TASMAIL$init=1305028-7-4-19|http://discoveringanzacs.naa.gov.au/browse/person/372628,Private,https://stors.tas.gov.au/NI/1460983,grandson of J. Tilyard.,"Wing, A.J.J.",1918,,
"The Tasmanian Mail: 25 July 1918, p. 18|Discovering Anzacs profile",https://stors.tas.gov.au/TASMAIL$init=1305028-7-4-19|http://discoveringanzacs.naa.gov.au/browse/person/374599,Corporal,https://stors.tas.gov.au/NI/1460984,"of Ulverstone, grandson of J. Tilyard.","Wing, Ray",1918,,
"The Tasmanian Mail: 25 July 1918, p. 18|Discovering Anzacs profile",https://stors.tas.gov.au/TASMAIL$init=1305028-7-4-19|http://discoveringanzacs.naa.gov.au/browse/person/371568,Private,https://stors.tas.gov.au/NI/1460985,"of Ulverstone, grandson of J. Tilyard.","Wing, R.G.",1918,,
"The Weekly Courier: 4 October 1917, p. 23",https://stors.tas.gov.au/WC1917$init=WC1917100404$rotate=-90,Private,https://stors.tas.gov.au/NI/1466858,,Wing,1917,,
"The Weekly Courier: 25 February 1915, p. 19|The Weekly Courier: His grave, 30 September 1915, p. 23",https://stors.tas.gov.au/WC1915$init=WC1915022502$rotate=-90|https://stors.tas.gov.au/WC1915$init=WC1915093004,Private,https://stors.tas.gov.au/NI/1466859,of Preston.,"Wing, Archie",1915,,
"The Weekly Courier: 17 September 1914, p. 22|Discovering Anzacs profile",https://stors.tas.gov.au/WC1914$init=WC1914091704$rotate=-90|http://discoveringanzacs.naa.gov.au/browse/person/371566,Trooper,https://stors.tas.gov.au/NI/1466860,of Preston.,"Wing, George J.A.",1914,,
"The Weekly Courier: 25 March 1915, p. 21|The Weekly Courier: 16 September 1915, p. 24|The Weekly Courier: 16 November 1916, p. 23|The Weekly Courier: 7 June 1917, p. 23|The Weekly Courier: 7 June 1917, p. 24",https://stors.tas.gov.au/WC1915$init=WC1915032503$rotate=-90|https://stors.tas.gov.au/WC1915$init=WC1915091605$rotate=-90|https://stors.tas.gov.au/WC1916$init=WC1916111604$rotate=-90|https://stors.tas.gov.au/WC1917$init=WC1917060705$rotate=-90|https://stors.tas.gov.au/WC1917$init=WC1917060705$rotate=-90,Private,https://stors.tas.gov.au/NI/1466861,son of Mr E.J. Wing of Gunns Plains.,"Wing, John",1915|1916|1917,,
"The Weekly Courier: 25 March 1915, p. 21|The Weekly Courier: 16 September 1915, p. 24|The Weekly Courier: 16 November 1916, p. 23|The Weekly Courier: 7 June 1917, p. 23|The Weekly Courier: 7 June 1917, p. 24|Discovering Anzacs profile",https://stors.tas.gov.au/WC1915$init=WC1915032503$rotate=-90|https://stors.tas.gov.au/WC1915$init=WC1915091605$rotate=-90|https://stors.tas.gov.au/WC1916$init=WC1916111604$rotate=-90|https://stors.tas.gov.au/WC1917$init=WC1917060705$rotate=-90|https://stors.tas.gov.au/WC1917$init=WC1917060705$rotate=-90|http://discoveringanzacs.naa.gov.au/browse/person/371568,Private,https://stors.tas.gov.au/NI/1466862,son of Mr E.J. Wing of Gunns Plains.,"Wing, Robert",1915|1916|1917,,
"The Weekly Courier: 25 March 1915, p. 21|The Weekly Courier: 16 September 1915, p. 24|The Weekly Courier: 16 November 1916, p. 23|The Weekly Courier: 7 June 1917, p. 23|The Weekly Courier: 7 June 1917, p. 24|Discovering Anzacs profile",https://stors.tas.gov.au/WC1915$init=WC1915032503$rotate=-90|https://stors.tas.gov.au/WC1915$init=WC1915091605$rotate=-90|https://stors.tas.gov.au/WC1916$init=WC1916111604$rotate=-90|https://stors.tas.gov.au/WC1917$init=WC1917060705$rotate=-90|https://stors.tas.gov.au/WC1917$init=WC1917060705$rotate=-90|http://discoveringanzacs.naa.gov.au/browse/person/374599,Private,https://stors.tas.gov.au/NI/1466863,son of Mr E.J. Wing of Gunns Plains.,"Wing, Raymond",1915|1916|1917,,
"The Weekly Courier: 7 November 1918, p. 24|Discovering Anzacs profile",https://stors.tas.gov.au/WC1918$init=WC1918110705$rotate=-90|http://discoveringanzacs.naa.gov.au/browse/person/374600,Private,https://stors.tas.gov.au/NI/1466864,of Preston. Enlisted in South Australia.,"Wing, Roy",1918,,
LSD190/1/1184,https://stors.tas.gov.au/LSD190-1-1184,,https://stors.tas.gov.au/NI/1487935,,"Wing, Roy Wallace",1919,,1256/S
LSD190/1/138|Discovering Anzacs profile,https://stors.tas.gov.au/LSD190-1-138|http://discoveringanzacs.naa.gov.au/browse/person/374599,,https://stors.tas.gov.au/NI/1488158,,"Wing, Raymond Alfred",1918,,164/S
"The Weekly Courier: 16 November 1916, p. 24|Discovering Anzacs profile",https://stors.tas.gov.au/WC1916$init=WC1916111605$rotate=-90|http://discoveringanzacs.naa.gov.au/browse/person/27069,Private,https://stors.tas.gov.au/NI/1466882,of Moorina.,"Wong, R.W.",1916,,
